client_id,path,sentence
cc9a8f7a93105d8cad27be31dea7751420f19ff17575ae9064b03ea5a0e8153e8989ecfbf9420dd74e459a941b84264e10aff551abe81b69a6ae07a39b2ba693,common_voice_en_124764.mp3,Never mind about that.
9f0ae813801cf88f99ba04a5fad39a9be3e042c1f9950cee1c86f30fb15fee2911d67a5badf3e7819cb31fcd0461b183702acb94423687c9034021501667b362,common_voice_en_17273358.mp3,"No, you cannot have that lollipop."
06234599bf26d559d3cf6bd27c0e5f8bd12ab8d1bc1d419453bd062b82b7513c3158a87b99b44a8b1c260c60e10c306970b656c6026a9728f1a4c6369d4d382e,common_voice_en_17274203.mp3,Now where could my pipe be?
1fa90b3f7281c25934c33ac68f96b4a385b2dce726026e11d86461bc8ab23f9d381e98f44068d1c5e81820560a062351680ca448e3088bf8edf64b4dc7554ac0,common_voice_en_147991.mp3,The article would benefit from examples demonstrating the dataset weighting.
b36269024102cc1c191042f7fed60ecfcbbd0566ef24eddede7e2ad5d5f30fd1059752cc1fc0298fc3776fd9830834b93235a34e7d7c8c53f1c04c79ed226687,common_voice_en_131823.mp3,Leave no stone unturned.
cc9a8f7a93105d8cad27be31dea7751420f19ff17575ae9064b03ea5a0e8153e8989ecfbf9420dd74e459a941b84264e10aff551abe81b69a6ae07a39b2ba693,common_voice_en_124763.mp3,Playing the market with the company's money?
bfed066770961fc513fe9c2bbabd471752ff414dd6a49ef53f99f1cc156ee70d14d6fad8b1c7aa3b0821816398a1874a857d937c78277b4a2bd82cf90a535397,common_voice_en_159180.mp3,He didn't need to demonstrate his science and art to anyone.
39898618b4f5c1a7b37e720419873b9886cc50fffe4120c4890d46e7a9a39f4524919aaf794bab3ee21203d87e32b787e5c4f5a99cf6bac1a3f820eb0d555078,common_voice_en_17843148.mp3,Grumbling makes the loaf no larger.
ad327d5f276ed23578f0dfae1f8a6df52d75b8cc89cbaf8c5a366fb4e96287ca2a3c48b55693c3a7e6a595de274c57a4c7bcc2f176251be68385a18984c826ed,common_voice_en_150924.mp3,The Italian got her words mixed up.
36c03c27f22a64fdd839e2884ea7349079b65701593067fc749c0644e6f2344f8253e95aa02d386ba1d6e4124cf3be3cc668446e75e8d6a0a1fd982041c0d2a0,common_voice_en_153527.mp3,party of six this week in Oman
0e2666d75d0588db905a8d9194182edfe7fc678923695d98af0fe23d9bf04ebfdd5d8476399e1b2e6e99cef34711188decfbd34386c8b999e5ed915e08a05412,common_voice_en_13188.mp3,You're a big help.
12756a16a60f03be46ecd34c84ae5260fb1072d5d041eba39aee2a7ad86bbb450b71beea98e0d856c96faa543bcae406aee3663588e97cf1cfd05d1af7dce053,common_voice_en_17298294.mp3,Where are the others?
49cd2ede30930226c9d200cb38c605070ae996262cb0a33c00ee75fdf71e49010cd42488ddef9c1f382be881ccf2517e5623de7eb2071678839d93d47bf28f83,common_voice_en_170171.mp3,It's doubled our circulation.
78c638159e599dc4883362b186461a84208df74dbfeda9eede52aec6e07d14145c6a9be7c1890a7730ce486bd78479bc1443a017dc0d42e8a04dcfac0071c661,common_voice_en_17891685.mp3,"Cheap, tawdry bags are being sold everywhere in this market."
0d76b50b5b01241833ee152b8a89a97beb11521ad35915f1e31ce691a5aa5387247a53d1485d05fef2d37c3f4137dc1bbda1b57bd6276f1de6cbcb397429903f,common_voice_en_118517.mp3,"I had a momentary impulse to go back and help him, but I was too scared to do anything."
275ef6dd575c7052a736ee1512364cb9e99a5171c088f40079776c2d6b12fd1cc37388b72fedf34ea8dcc0382e61bff53b33c1008b403066e3c3467ddd189cd0,common_voice_en_16048295.mp3,Crack the walnut with your sharp side teeth.
bc4dca633f720e6bca08118590cb96856b8f01ee87877fe7a1d412ed14ed4cc9abd3d2e350942b59e3c8351ad890d4c919251433e3e0698724df5ec300edb28b,common_voice_en_168769.mp3,Strike while the iron's hot.
4d87ec5c061d03687fef9fce7e18d7f3278f65ca46e93dae0c6ba81174fa5e273dcb66faf83a327d526f0697fda3da46b17276b4d6463690f219f5f4863fcc12,common_voice_en_17785361.mp3,Shall I meet you in the concourse then?
e1a4f3dd2f296d5c0c8fe0d9502abf03936de1ee4e8955766732797c4bc35f8d2ca45d2673aa702229f9bff5540cbc0793409f9f281c4a1adffd246f45062a4d,common_voice_en_162104.mp3,"""No,"" the alchemist answered."
32c4a5e5661fed8e94916641cfe2bd6ae9cdab62391b1f59e489159818aa7f19c1f6e53b4b844eed21eaca74c8f2bf19d21ae89187bdbba08b404d2bc20ca00c,common_voice_en_16665535.mp3,Don't forget to brush your teeth in the morning.
dd23875b68b8af5f8186be43a8a2ec21c34e259f8fb7780a3a91ea7e617e8bb833cb5074263d3b57b3a5b1297e86c48d419c274dd885fb4890cd524581e5292f,common_voice_en_17699273.mp3,Silence gives consent.
0389e6acb03aeb4942d4c1b2089962984f7e5e10159ed6e3e45df1e7f21ebb585a691a1ac1a0746e655cebf19100a57e2919862a3850e1d67a3afb1b02df0273,common_voice_en_140558.mp3,I was wondering if you would work on this project with me because I canâ€™t find anyone else.
0d58eaa74cefec63ea5a03a2d3c33a24d81f75c2031cacc10baa3e23416526e34244a1578adefa5a3fb27a03331d548a099fac5dbf36962e2be8de50fe05f985,common_voice_en_111107.mp3,Our generator has been disrupted by ultra high frequency waves.
eaa9f9f1f832e98665d32a3172c45ab75f0b2e41717fd85d469432b731b830c6b89e141eac9a1b197bf542c1bb4b3f8c2a73416df77023f466d84922e4047f32,common_voice_en_16048370.mp3,These pills do less good than others.
a9031a81a6ee2291a840e0f7f30b8c9f1f0fb916d736ab78f2a6bdc26a8a7bde70a9f51ac7373acd634370b26e1b91b553794b23a0e66483a7d677d096ce9fc5,common_voice_en_10522174.mp3,Christopher was confused.
2819b68af06899b99bb429bc371e108a2efe83b29b1bd8cef89b3b4e214c9dc37b907309a9a32323266d65ce8b6ba9c177790f9be629f6c9da302ba6040404c8,common_voice_en_162306.mp3,What are you afraid of Melissa?
9a1ac784aa73035d43ea4f625e5dbd7f0340166966b8a3d9b3e942d9846d8a38536ac95c731432beb8bd47ab6b9cb0789525d046fb52bd02dab376a41df2d5a2,common_voice_en_114432.mp3,One egg is like another.
73912a4a4cee792f107ef3eb9597e821aa0715a92a057a7e6b3683f516b5d0e64a61b4d0cd80ce1449a28374bf88a95daf0c96431879197a7282876337178df6,common_voice_en_17728543.mp3,What do you make of that?
ac9c17bc572e4a9a5770c177588e38e264458942a4ff524854fe104376fbf3ee10b13596540c6d309b6a829f2f1fe21b7062e985b36ae1c0fe469a9caf2a3c4f,common_voice_en_1008997.mp3,Let's go Hiking across France.
d875aa8913817e2d4bb22a50e13bee77fdc2917eca7974b13f7b51018577aa88fed524fc7d5e4e84653a1269b57e933e61f91cba54648db49e2dbea4f92e540c,common_voice_en_17282324.mp3,"Shawty, you look jaw-dropping in that jersey."
04f19ac682d6a619bb00b13bb8e8a6edac895d8a9e664161c76ee2b8d9a54af2c99364b6365b3fa4df880a6c7700c0e3c5416d26758610729d442fee295a8c20,common_voice_en_16047883.mp3,The owner of the dwelling was not amused.
5539ba3d1615623b655d33dc930cf3bc9152a4931da3a17b640608e2deb2357cc0359baa415bd5241f456aeb9a6180defc45e19430e68ca94c7c1a9e9971d0f7,common_voice_en_116044.mp3,A person in a green shirt is looking up at the sky using a telescope.
33a42ffdb3f5e1a97f517ac8e40e1daa10a0d9e1452d51be6bad9063ea59d99dcdf528649c468dbcfffdaac029ad2a39478e81dc744c599687fa3871de4f18dc,common_voice_en_17250258.mp3,"Forget it, there is no such thing."
2819b68af06899b99bb429bc371e108a2efe83b29b1bd8cef89b3b4e214c9dc37b907309a9a32323266d65ce8b6ba9c177790f9be629f6c9da302ba6040404c8,common_voice_en_162307.mp3,How'd you get in here?
34896b6aef1b0a4c28b4c0c8fac8940730c5449b3ba2df4c991746f4d1d414aa46c1e3af7b7e640aea4f579edea4fb121642fede67c1f18d2a69060362a1df34,common_voice_en_1323348.mp3,Let me see your ticket.
0639cc0805495224d56f951b6003fab63f9e8f27c3986c5a9893541bd72155e070f82ad4f3c748cc0e1a849c0cfdec2b6164cd8e4fc0ed4f1a225b743153a125,common_voice_en_17303873.mp3,"I'd like to order some cinnamon pretzels, please."
456e08d1d706288429bab8f801aaa3f124a5771f5ed287cac2f1a23e5763084c06c4dfccb561dbb8282ce897a7f679c02b268704610b9f5ee65efc6443d49e35,common_voice_en_1531516.mp3,The chocolate bar looked so tempting that Lenna just couldn't abstain from it.
1f4fdb9df5453f08fcdb21838b1046e89fd9ccdac0484ae73c0eb10d30b112d71e306a0a031d352257401e7f73306c6c3ce56cf82a44e6f71bdf9bc2e410b12a,common_voice_en_129890.mp3,You're a man disgusted with all of civilization.
30c6176bf8e35944e7745e44969db95963323c806edec7a9d47943c4b4897e3d46f955a1b3bee9748eee50c9e9251c3851a25569151d65d293994be122d236ba,common_voice_en_17275067.mp3,"At first, studying correlation in graphs is tough for me."
a62e99f2d82255047811d05e68a853a49639ce7b63914b5abcf47b132645970aecf852af4609abcaa493e30c105ba92d723104dc0c0d709ffeed819ac437e88d,common_voice_en_16528366.mp3,The ship was torn apart on the sharp reef.
3b8c4f7e5a64c397c0458ce83990f64f1f31ea036cc982f6bf12d47a1a3b942c289a9c67d3ae24a4e926151db2735cc079436c27f86273dc8706c093d1f2aa99,common_voice_en_11483.mp3,Henderson stood up with a spade in his hand.
09decc21400f2751c27845532cf4330979291f02a973cbcb437976f80587ae27e2af9944b1c504d9fa3b0e0f49d2f42ca67bbd22b713eb5db214e1c8f0ae66a9,common_voice_en_17911345.mp3,Attack is the best means of defence.
33cb9c8be25ab0791f026aeea32752b403815b05566565889bf8142a12c320debb34dec307dc6f4ed1e2c869da7ec553bb3e9047605104f9ef6fb963f52cbfeb,common_voice_en_17269127.mp3,"Quiet down, will you?"
bca3e2f5ce841c55eefbd67f7df16ffbd931ec2d3c645b7ce733c7a7aba6d71f43686ce8dd40e132656a7319935479113e7e2009a7b097f904c6255691dffcb8,common_voice_en_16634165.mp3,I beg your pardon!
4df36b9c35242ab061b0a3508dc67fd32b24887afd6c9b3e433714ef5243ddc429a3a97e30b20c1beed5e0b9fbd1608d0256373d674540ded4fb435f3db61082,common_voice_en_143932.mp3,The streamer of gas came out towards us.
22df881722319b9a1e240ee65a0aef5e0bd9f099a141c64f27c82a05400fef15dfca6591c79cf9dd776b6496185ece617d027564d0a685a07c35a9cd06104bf6,common_voice_en_166414.mp3,"The caravans had been stopped at Giza for some time, waiting for the wars to end."
281f3dd150db25488d2da27e3f55edd5d944239aab0a84aaaba18e1c205b220d75c5ee686e8af55719a1e5d89001b6766cf6d3b487a7717ea1e346d37eac2f7b,common_voice_en_17924420.mp3,Please try to let us know by September.
371198e1952a453f1bb175aca9294eed180012c85566e877ad8fe9831bf5684bf633ec93249d178702041950116ec4767cbf2ac6aa59d6c7cf1a35818750ba2c,common_voice_en_17274472.mp3,"Wow, this is a nice table!"
9765604100c4f601f742fe3432f9c4746be022e5a478dcee704cc94c9532e2cb4b043d26911c930e215e0ea07ad1063507616564f9759a49359cddfea3769966,common_voice_en_175301.mp3,A group of people walking on snowy steps.
c3810ee7feffdc1a306efe115272db33db897a02dae3c94dad7cbc2be8775341172b50697f635107206f8d84d30ec4f03ffc12301f82f403ce4992369e3520e8,common_voice_en_16665998.mp3,Will come out in the flesh.
8bb2eb3b9346c4da3cd8225cc94eb68df044613b77f8c4ea3809c9204bdea232c4411c55e1b649a7def2835a826043269ccc725d85bd549c8087b8a404d74e28,common_voice_en_15305.mp3,Three dogs running on tire tracks in snow.
c963508123b555f2e342a0c44c5200639e651c8e708fe54dfe0b06b2c113ead43f3e1d09242b342b61d34f90df0bbc8fb28f594f2a3ce5f33d093ae9efb17f28,common_voice_en_104099.mp3,The Linux terminal refuses to make me a cup of coffee.
b4f2134a756f6ee208b0d91e1f6410e5559136f527e6f90179d8bebf20b30aacff5db72531747b566ca9226abbf1108de79e745d47010d939212f1fda6d1982b,common_voice_en_17740812.mp3,Sharon knows how to annoy her sister.
2839330792a05b6134d435e8f5245b70a4ea4d4b576b161108221ef5f2efaa6cd85d40637dd1e50bc23d315d80be61e87ea8dcaf997a3b394f2ad0d3e34fb786,common_voice_en_17266332.mp3,"Toffee coated all the surfaces, it was disgustingly sticky."
2c4f5a22f9c75a1541441955d9bbabd21ca07141602dd6fc9672212e3448142179d8cf68c6ca28a7586bde0b36ac2e94a6a5afeff334102f796efd5fe281205d,common_voice_en_17258823.mp3,Do you know him?
2eec6f8f3949e5eb8df300df57326ab9929ba7a7faab6bdcd15efe5d60e4e58d1825baf6a870330ad822e1e191f414805dc776319924cbc05a146f9a82809091,common_voice_en_17388983.mp3,Please mind the gap between the platform and train.
28c1063a9a230d864f6a141de7f5945db865c8a530e43327dee8ea0d360527bdc3a48f544dbe86cbe8f9812714da3906add0ee51a1b6bc40e4b05408763d2ecf,common_voice_en_17732764.mp3,They chose to build strong stone walls around the city.
aa81a76fd474903623c274e3a7308e9561856dbbbdecf8e63ca46e9249070bca6b5efa694a85a5e926db76b19c9e424e5494b11c820538827d883cef0b15e983,common_voice_en_138828.mp3,Even the guides spoke very little to one another.
7a7702ae8b9299168a0366c8bbcccca2dfc4adc5b47e2a4924e665ea198182b93664cb89098095f4fa205f601902abb90749806219a80159fff1fe11704f941a,common_voice_en_17934845.mp3,Only the good die young.
34d161556f701d8c3841297317219c40d40f2c2c6441bebee8aaa08ba5550b28e41dffa3e27f0554213c8c08901b9f1b736f8f90ef0b696024277c7520a9d226,common_voice_en_1496485.mp3,The hostess taught the new maid to serve.
618e497b99ca90d155d65d5b644eceab513733d7d1a41908d72661d4de4d8e6165252d5163c5d2c22bef4eef6d9f02abada24c827c5842c9ff0e47e821220213,common_voice_en_178299.mp3,Grandpa hasn't called me for days.
0412f53f968e235f3f6ec54e2b7fd59f70664d421e90c61fc70b6a0cc3692d28c3197c6ffa79ae283ea73b7c1f3556cd3c3d8d7b324a4501ef174bb0e8103fcc,common_voice_en_15799842.mp3,But you could bring them there!
3c5562aad3b4b37dafc41d820867b2972358c93aef6c84b05dd43f512fd2e4917dc02b3724b85a16d186847464860c3aa7dcd62284e6a9b913cc7eb744afd382,common_voice_en_17918057.mp3,Smile when you say nasty words.
29842f497adc9e492f24cd731aa7f84b991f188540068716edf42aefafbc96dab88f2e8294f9b81988c998af39531bcef474e0e9fffb160ef70d62817da5e0cc,common_voice_en_17259150.mp3,"Jennifer's expression changed. ""Pull my finger"", she said."
e79f7b506193c37b07897259d5c45aaf887136a516a9358d88d4fc1534c68ac7c73381244ed471692e8450d65a908f55230a9d81fe449e1c490503307abf3251,common_voice_en_17276386.mp3,"Here, let me show you around."
32ec08890252b265ccecc80b4eb872e02681b1baefb3221dd2a32daa89f718c0ebc49321ae6102acfce93114d5ab8f5044c673a4f3fef12ddbedf6a39cf3e7d7,common_voice_en_17831001.mp3,Money burns a hole in your pocket.
085a1f4f2dea692bde35daf8a830a4d6f3d8e72660978c811677a8ef5d1f3be6fc73a95aadcd103870d1e3e7ea4da55e9206d80af773525d1adfcc25c2ad7ba3,common_voice_en_17267938.mp3,"Without understanding the actual physics, some animals exploit total internal reflection for catching fish."
c3810ee7feffdc1a306efe115272db33db897a02dae3c94dad7cbc2be8775341172b50697f635107206f8d84d30ec4f03ffc12301f82f403ce4992369e3520e8,common_voice_en_16665997.mp3,Curly brackets are hard to type.
beebbfb82711b2f5c792575a0e4cd44d3b902ee98c6d3d66015191e242f85d6cbb5e51eac549eb9aef4c2284b55eb6f8b02777e3fab46b39ff90e39acab19056,common_voice_en_17256171.mp3,How did you know?
0e15759524449bed3c0e43434f1807da42a43e7a0a3bb15098bef4997de0d32da8be98a6e2cb26df4183759e4d0b8e9238be5b5376fecdf09d0eada3d2728d0e,common_voice_en_103373.mp3,"Then he realized that he had been distracted for a few moments, looking at the sword."
0855c52f56a7b5aabb670c079b060760c7c9fde5b8d89ef4707c68b453d0200f24e40a6750931630204c68a62af9fb0770c3922d6a4c2d6656b05632871c8561,common_voice_en_128102.mp3,Then he turned to the boy.
057823f7e4cee461d45d893cefed9b67b64ecce8f087a3208cf85dbe7561b4d23a05760f219d77d8811944f573b03c4ab369474bfaa4643171e4c0d72405d8f7,common_voice_en_17882305.mp3,"Angela is pregnant, she told me."
99039fd4eb6f6b0d7806873ef71c4ad336ee81af7b5b40fc8ef0ee44696e4f671a3831cf950a75e30842786aca195e97ad49d1197ee2a63ef640ef6e3b787c4e,common_voice_en_136335.mp3,You told me that.
bcc6017e8f66fb7ff263e41800ad49768d62fa0e9691ed5bfb1cadd9a6aa46284c7fe8a5ea4f058314c9ddc045ad6a858af2d2e1191ba428e24a005c35c29310,common_voice_en_10890.mp3,There were mountains in the distance.
eea361fbbe6860dadfb7177abeefcbf98b53dd7ca7eee3876636c44f0a1496c0aac53609fa5947d6f38be8bd8c85901c2ac24366918c8ad54a7fc78f780c29c1,common_voice_en_17273139.mp3,"When I visited South America I had dinner with Aaron, Douglas, Nicole, and Raymond."
b50cbbff83762e9b64db5e5a24871ddc5f2b5ca6ac6daa2c37fecd23b126c12f7989286798670080b1d0ee92b276b2bd5bcb20598c1b14d6000a10c699761382,common_voice_en_12048797.mp3,The priest collapsed backwards.
ef85162a7a5248cf7f5a19ce238016741771e8810b0b89df6d1633c75be08ebe79554010a0afdce5c6d7be21ba5b9044d651faccedbaca13e87e6d9afd26b2ab,common_voice_en_17256165.mp3,"Yes, it would be."
84d1d5b6f587e66214c3b63787f3d8f02ad3445440987f6c822e2f03196773ba1995d9fcc54b9dc6d301a68b3900d0aabfdf2acee4a234ef4de633e0f81be17c,common_voice_en_17798574.mp3,What will happen to him?
1d3a7a805ad8872d459006a94e3c1c0511421f03fb7c014c191d78539f95c5e258ca3cea6b192940345e503e42adbe41a13abd3e0726eae93f9c9bc319b02303,common_voice_en_17394114.mp3,Might others within your organisation have some inkling as to the their desires?
f12e786ca95ea404eb23d944df00f36b6411ae0414ebe778735158ea9e0b4fbd5f61822428885b77c3fe53178749ff26f701092d0e57c981d83885dc4d8cd9cd,common_voice_en_17279971.mp3,"""What a load of trash"", Sarah opined."
850fb5ca5215bb74625f939b2e125d200b1c4b5f87f9e606a495abe33970566eced1642a96b020f5431daa70114fd2badf7c46086c24fab00b46232bf80d0101,common_voice_en_17832074.mp3,"Cheese is made from milk, as well as many other dairy products."
2b946b326f40db1d3c4a3382a28bdad67dc2a5b2ed69776bddf0231091c30efc88befe93d72899cc1e913cb3372a9981520c014d8d702a35dfc61527ef193c67,common_voice_en_17254880.mp3,Why did you tell me?
8502b4847a0203d412ea86e0716e0b19f083555847280b840606b63a8aab139dddd54a16c6561107580e9ec3866b70badbb6cb86e5598ade675a7f0dfeba4ca8,common_voice_en_17902879.mp3,She decided against it.
12900fe4b91ab15ab1d6686ed7a47aaea18fceeff8cc3aedef919b30393991557436efd0b657882a73e890970b4609fac45f64f0d2d1c1ea50586c14a0c00a11,common_voice_en_143627.mp3,"I don't know if I'll be able to find life in the desert, the boy thought."
0569ba51e13e197f392d119231904e70130e5ecea727cbd8adb023684b25eeff9edbe843421088a859dd7b5b9da921af9db8c70eea22e40a38c5cfd88cbcfbad,common_voice_en_17516142.mp3,Where are we going?
2bf8dc2d9cd24b088e9e5016b14c1c6adcab3f3a2bc4d578a42247651693dad0b6cf2b75deacd17e57218db01052c3841e1d6ad267b87b72c51e5271709c41c1,common_voice_en_111963.mp3,"He had suddenly remembered that, in Tarifa, there was an old woman who interpreted dreams."
71d390e03728756b59d793e65dd43bf2055e9a8f52ac51add971e56d04ece1753b6fbd85e3ce582fb6c01c70ddb9793ff671a1a147419320edb627f1bdc165da,common_voice_en_14494.mp3,I have the money I need to buy my sheep.
05fcf1c5f13f2124b8e8d38470cff4e6fa9f316483cbca4d5cb591771a8875e392029ef630578742fdf643feca99e65c37c7ed991050c3cb1fd0bd55ed10032f,common_voice_en_1575599.mp3,She always managed to make everybody around him smile.
8f466731de31b8d3c6089008d25746f489c6fccf4adad7ebe01ef4c1c8f7cea7ff60745038cec8b3e234c9e05de74d66800462cdb2ae5c94772f49cb12adca45,common_voice_en_17271270.mp3,"Despite years of research, the problem remained intractable."
aaf05ab1a394fba064d77ff8a92ed96366769723029f172b8d5f2ebffcd6e658c315980c3cfcfce647e8a2e31f8d629fd614612afc4804490d6c78317bbfe877,common_voice_en_113254.mp3,He had assumed he would soon return to his sheep.
0280690f2f03d83418f7707b9ef2fba2789de70c19740716678044996cceb683b371ed93e8bc4ad95d5781d93d4962aa3c17a6ec861f2765287d254e6adc0a6f,common_voice_en_156858.mp3,This ain't my room.
cc96a677d29be7b0b466025b7ae479e9b5019ce7d6f456ae3d494f5e7e9a78567a8ac2127f05ae8e4e0224b7fc696deed7a7af023b24a1da537823e02b142690,common_voice_en_17861959.mp3,"Because of my depression, I have been recommended to see a psychiatrist."
aec39a1629533c6368c010869f537eff00959c45547c21d271138c25b2327d65f6f343742a83b09d63c217fbf255ba4c88f56c72b317e0f7f7dc706b5300fe0c,common_voice_en_17371751.mp3,"The thing is, nobody knew what was happening."
da677ed21f3fc9f26e754fd1ce9f042abc84befe7f00b595ae003f259d21047da1f7b5a696309b8feb0c2a5fb23280613623b2ea6096dd053e008f755a8b4ee3,common_voice_en_100736.mp3,"He was excited, and at the same time uneasy: maybe the girl had already forgotten him."
240a37d83085c57b6010ac02851e88f07e7fd51aceec0d7238eeb3a820f4da6a548bd0a71245c7e9647fc0e092bc03715385010a6a14887a27a9c57e1cb04a6e,common_voice_en_141537.mp3,But his heart was speaking of other things.
bbcb43c2231e50a2787f00a5ef6f01f8a0bc3a21d47bf55abdcd5dd886ce6c5c8b84db0c819db95a53d7baf834e1fafb761eb65d5a7dc0a23f4a568abf0e401e,common_voice_en_114430.mp3,"""Enough,"" said the boy."
36600e11450e0abbd1a053fed011b6da220a1e9d57b7266aed1ba5efb78f76e7ae4e7963c3a7360802603d66e1b00bfff55eb576d36147a8b798474a900f1fc8,common_voice_en_17280304.mp3,"The organ of this cathedral is made of ebony, except the pipes of course."
99fe8a12a2b3556129f6ed3af068e4aceffe90c9392eee629949cd78341f32f00c240e84dacf3394f0d4e4654d6bd766122040076f4328e5ac9174fb95a996a7,common_voice_en_15710162.mp3,I thought he's immune to the flu.
353d40ee25514395aa112900816b297bc0da759fb699d2002810912661d2f3e247fe5aab87f071165e566ed36bd79844148061f841ba90c7ee69d5efb7fe6f96,common_voice_en_14858368.mp3,you will have to wait for it till doomsday
48d86630f0ac621dd14a36bc9dd9d8f38b392002de287b1c6d4e86c5704081c94eaa07a4ed4a96ea7042a2239b7c8721f7e3ddc56685a55fd90c499919c582b1,common_voice_en_130020.mp3,"The little girl wanted to have a balloon, but was too shy to ask."
b61dadf67ad3946cbbdfade39f10a613bfc11124f43886bc559dc908f28e453dc57134763730b4982bc66e443d6cc2d384aaf67be8935f2e70a4b7c6d149a329,common_voice_en_136405.mp3,The darkest hour is before the dawn.
4ead7b058f24b8ac7b93aa0221a6d22c14c968721a3716cf29e5830e83a221ce4b9e88f2f37fd188fbda57e50c4344658e131c9dca945c105fb9f5515c4ddc7d,common_voice_en_121247.mp3,That's a pack of lies you're telling!
058eb7f8b68528a7a74f33d9d97fcb89ea72d2ac8a2088cc5cfe2dc841c3bb8d95af30c2ccdbdc58cc184e7804e92fb78e5c416d955ef58f3c44bac33f16f054,common_voice_en_17287522.mp3,"This was a lie, and they all knew it."
0580ec972b5a710a6e313974b95003927a1082b21f484c9b583cf4b6b9e026a8435ce24faa8a097a632f280fa9a4fada473b7034bb917d2608f333d790b1e6b1,common_voice_en_1738082.mp3,"Luckily, the dagger couldn't penetrate the bullet proof vest."
fc8847590eb211d61bc0ac7414956696df2aaebf2fea31a43043169d28eca9dc87572810414f658383cb6ee27f44c4ef311fd5bba6cb0e2cd24b0a86f85158b3,common_voice_en_17259574.mp3,What can it mean?
1de4ba696106c3a023bdb4c0d4261cd5a4624b87720029af75832c6a5b455fc39bd5b44b0d33a055e8df052dff9b4123964e8394c05a5bb80e71ec320ef899b3,common_voice_en_17340608.mp3,"Me too, so I try to get plenty wherever I go."
1e4edc93791a7d30ac13453944054e23f155bfd662c7e08442d892e28e9a0b9492c627c67cdb1584e8562fcf3c1d61e49ecb9de8b281539093dfa0b2928b1d17,common_voice_en_16659358.mp3,"Chickens lay so many eggs a week, it wouldn't be possible to breed them all."
2b7f56ee83d9fb2485220f50ac13136c0f17b96d871434527d736eafdfa13bc1601a6e432cf9685ef7e869d2dd3293b03b7f4d2c2e18160f2804ce97818d750c,common_voice_en_17269063.mp3,What do you think?
b20040e8dcd78aded025e23f32cd207291b46954b1ab6c020b476eeb31fa6c771053b77881b74abadd9ec823fdd1c3013cf9ec3f597ebae9d50885f48036fb97,common_voice_en_12804.mp3,A local band performing at a local venue.
0671d187f2a73dcf0f9f9642c6795d075f1a8bb59ffb5145737d17a9f43937f981623aee6ba010d1bfff0e0dedae2da1f081a740e9e77944149378048e5c7e85,common_voice_en_17252223.mp3,How far is it?
24e2b9690c87a65fd2401ce4077f094b6e0ace46b2756759f36515684e98235a9d7854235f093247d0598fa721ad0f2dd53951132215c2e0908b6b5269542b78,common_voice_en_17285307.mp3,"Have you finished with the Annual Report, Jane?"
3815dba47e52fcd549b894509937ce9e7a0970f427c89f282d33c3e154a7a86c3db1aa50e02644ca6e34fbbfb4e2dec095922eb3030ca4b2730f35a459a6b259,common_voice_en_17265491.mp3,"Potatoes are less space-saving, durable and cheap than pasta."
238c3b89b19f2033e3a9b7cd8ef87e8acd1228a352db3c6949238f13483528566e303c7f51d7e6c46818280bf42d0f5e5c384f98374a4b8ae0b8998177e2083a,common_voice_en_15733340.mp3,Let's have a look at the standard deviation.
3b6093d7aca009b069652fe8e0e06446e341231173d8b2118c7e5fc9e92b8a3f06f99d443d1cd71ac4cc0272d0e465fbee4d9fb61a49d605c8d27fececdfd7ed,common_voice_en_10393.mp3,A man and a girl stand in front of a large crowd.
097c3eabcdc430cb9e47add6a3b5fd9df70a4ae7053976ce591e597e0919ea7ee735688aeb3b35c07f65e43e2dc855f3dd0173a0561c2151e5c751e254f8ffeb,common_voice_en_148529.mp3,That doesn't happen to just anyone!
fba383ae4f352d9e174ee16b8eb93ac66bd6e239cb4d2ea1e38bb6ee631cd8aeaf167d9ffca0c0cca615b012e3796ce7726ede7f68297b00f54562ba19db02a0,common_voice_en_17276700.mp3,"Very well, he replied."
706fab6c18ca04c34e1e413135811020b7cfc8fbc48b301662211cc6258d9ae0bf7e3af7950a2339803143e57816d6393682cfbe5e0baddf64045812cc423847,common_voice_en_17258618.mp3,Are you in pain?
66b0b5e81aac076f9f7095c53161fdc640e57dbec255467f448dffca7b05a3c8aa4f1621aceecbac5f4b35329e524074c29ca322e4304f5016d3ce513005c021,common_voice_en_17726300.mp3,The local internet economy is very strong.
9ad9679b320a28cf29ec534b5986338c76d4d023ab8df9ee70aca9dafd73d8d4ae3afed7e99616aa12137d58d11fe9b0f128703ce55820267b7c98b2952f6e3b,common_voice_en_178280.mp3,Would you like to see my id?
0650d4bae76c6c53de1f62d71f19754c5c999d9c42a4325d50784bc6d99de7abc0b6fcc8d7dce2feb3e0b289ed340e564a7255e912cde12b185ef2532a6e38cb,common_voice_en_13899.mp3,Citizens in areas affected by the typhoon are advised to leave their homes immediately.
1f8cc5be5ebfc1fe378f7ec2e49a41adec382bc341dd7b590ec28514f813ecc0fc305854a8087a937c862cd136551e9b917da7d6c6e4906066116755bf13a3db,common_voice_en_17273978.mp3,I'm not sure it'd be too healthy for you to be around me for a while.
0918eccc06817f22138b181bd2580521958409aa741974124f92501157d369a2bdba384fe6e1e774264864c43b702f2103684a767769bccbbfb488d325695d60,common_voice_en_17251541.mp3,"Jacqueline, Micheal and Nicholas were often called Jack, Mike and Nokia."
0c847eccdfd27ac35552c97d635a344847f87994d0eec30bd247fa78cf87e7ddaa6484d269959057a2d746b95e6e3c3b4e23dc775cda19e900d47b19c3363462,common_voice_en_1699.mp3,Everything looked diffuse after she took the narcotic.
1ddb91a52e0688a28e27ed6373dac0dc99a99b4d19c74e3cd9dbde813ddda3965cc37b1ea0c84dfec881528a9a9bc9628550fa8be8ba70ffcc90689bd9211025,common_voice_en_17656384.mp3,"Don't overthink, just do it."
64b86582dca8fb4f0685e33c95d6114339519e57978d7fa5860c03bb011d12ab4f9a6316df8511041f1ac9ec1a049ea5943f32a14f0a8f07c419a184e71359d8,common_voice_en_17782099.mp3,"Watch out, blues ahead!"
225519b35cd100fc97774036f1095f057a70f922dcb4442d49934d3d2dc17992cefeb05ba29d08aa41faab04af2a72e193c100e5f2d52ecba12c4af519e0549d,common_voice_en_113639.mp3,"If someone isn't what others want them to be, the others become angry."
075ccc80d87e2832dc2fab91106c9bc023cae28c8b0410827786972d6190625e95464b5b3d23b97202164e11339990758b0cb5f510d7ab8c5a0e3849e2711ee4,common_voice_en_16189.mp3,I have been waiting for you here at this oasis for a long time.
72feb96765587052ec07dc9b7cada740152a70374b6994e17e1c65a1d4e77e2a8c66799788cdd57e9b4299b49f98930b2f5291c488a0fab9470efaa44694be08,common_voice_en_17274039.mp3,May I borrow some of your cartoons?
23753d58a1e8ef6d312580becf1f87052ae472af8d43413e9a36918a3143f2edb5ed791cba154684efc9e19a3cdc0aaf28bfbd6001ff5af5040730939cabb0f6,common_voice_en_12118827.mp3,That is not fair at all!
1e187f5cdb0147f47c3ba62349834f4747bd8820084420c281582108d9a25675a4924ee54779876152ea236346a37d7eb290ac3f241208b8c5f9a9b45d409d67,common_voice_en_17675938.mp3,"That guy over there likes to drink a lot, talk a lot, but do nothing."
5b3281cfafd44e10711e77941f0967c68900701abd73356a2431db0e67df79fc98f60a0a2567b177b4940bdde74d459ff55c9ac32df39a86fe3c53b5b4abc42e,common_voice_en_15735859.mp3,Form follows function.
aff38aed8a6a67b9a63871b60e1adfabd94eb2ec43b3cb6613e6df15fa1410bb5764e2c9d19f59960b0cded64ab73d286f04cc32f648d3424738934b087b2a1c,common_voice_en_17875753.mp3,The stems of the tall glasses cracked and broke.
0d66f40ed820105459db5d65c95a3bbdbdd97d1ba60b0a78c8041be6b1a16d840d7c97747131b63207b6e4dcaef7191502c4989332b7f30675eaf179308b2892,common_voice_en_17787575.mp3,I wrote my bachelor thesis with latex.
051427aae19a8edb1ecc7e438a117f63fc3358f1fd9d5ba9e35636bf8dfff88332469860d6c192fb09d67eaf614ca6916b0405adb4becfce54c8f274da1e999c,common_voice_en_125399.mp3,Thai dancers happily going through their steps in unison.
226e190bdb287a5fa5901f02b25b18443edc5c0326814837ea1451c7bf089780b4db6173756470aa93fc1e3f7ed10bda21714e21b73e4ff24f9f539f174e97c5,common_voice_en_17347856.mp3,Can we please leave now?
2b3d1b8e2170a1be2ed1f4b5c1c9779fdd302da6153efcba89c3da77568bf14b6f4ed48f8d647fb5647c0f6c3904fdd6c2dac47b5ec681859ba13a199a2b3627,common_voice_en_101879.mp3,An old man in a brown shirt stands while a crowd looks on
baf279b160fee169edad97c1a1fc2498df886f1ef13a680213f6e69e2316376d82462391055a847a0910549da3c177dc15e2327296c9509b987e2807ce68e820,common_voice_en_120615.mp3,Then why do you suppose he hasn't at least called up?
05c9f6d8e62ed4ac0bbe1d159a199468f3b7ae7f280c2854cff01d6f1e78e50ed37ba93d6808b07f09c44564f04af4b98c8eb70144f20bcf0bb015e4f65e68b8,common_voice_en_147994.mp3,Then a man approached.
04b965ad578c27e8e5a2bdfbebd3ea816a1453c61cadfbb3ba60ab2fb74bb3815ca35ea1b79abd80159b3567d78a2201c697388b61bb252f3254caaa6435ccf3,common_voice_en_17288229.mp3,"In addition, the feature axis is configurable."
7b1a468e963621bc24c01b848251cd1d5c454eafd16a0bf85be50548ba02a6723d194fe145e7e972a0f7cfbe1acf9b7c31623773e26369b832aa17c92de75b9f,common_voice_en_17718412.mp3,I guessed as much.
048096d52b262786bb06208d4242d4d4adc719725df2400ea1b274d007a2fc24c37d5eed45f99e19dcc200549e4642a586e852d0abbce3a5a82138ac794b0f56,common_voice_en_17264552.mp3,"After an avalanche buried the skiing resort, it was hard to determine its exact location."
1d173c64c2ce9aa5521357bfed7a092162ae2de314221054721607d9cc13f6ccc4b1d4180dbdd63c3d3f33e37e9ce6cc0d76186b17c4a9b4da2450189de9b20f,common_voice_en_17914760.mp3,The old warehouse is no longer storing any noxious chemicals.
273f88e7678eaaa3ab06eebdf83d00716e405d4397c4bcb130827c1b5fa904e5a31b3515a50e7a7aa46d9a7a69e09de2a0893445408aca28118767c51db35770,common_voice_en_176526.mp3,I think you're a great guy.
5b0c90885d2a74cca71be01b46ed0537074462061380a957985ace87789126e99b31fb9e8b3101e866cf75ed77b7cd230d965b382c0ed44a9fed403eb494eebf,common_voice_en_16953.mp3,How do you suppose Ken got that gun?
660723168aaaeb1b9c47dd7b687849b224210653ec702cd95372e6a83394e9845ccdfc14bf9cc00b46a0a4e8eebc89efdd7864afeb80ef96250fba67a0d7aa31,common_voice_en_16185483.mp3,My friend Murad is coming in this weekend.
030dee5546982bb142a0fdaba2f479ca28c4a9e4c20dd86a1ac35fcfea627f53f110cb5786b29ba46fee8d5ebe9300de04ea3f3038e17e0c0dff64cffc42a70f,common_voice_en_11289258.mp3,He washed the detritus from his hair.
2a9d45811060cc847d38e911fd710f74f41751c71dcc3407a478ebb64dbc2eb4cc2b257b3402dd86d874a78258a639097d8ae6e1442d79017119b57b48b34722,common_voice_en_17255492.mp3,"""I have clearly been discriminated because of my sex"", the feminist complained."
06581c837c981b8084d8331d4aea50afdccf34e3f84262253b2a62f84a3caa11eeaad0f3b9ba42ddbbaf56cb4e771d456a1fe82c9437a16221f41355403a5f21,common_voice_en_1384.mp3,How about once more around the park?
62176683e91548230963194b74902579d5c2885d3a819554347f1e4e4c6d721d8ebe7a2370f3f8ec021bdf3ad19326c7bc311d65a5b2e1b0bbf5c8c3da9613cd,common_voice_en_1176960.mp3,"James Watt didn't invent the steam engine, but he improved it significantly."
4c7fc09534732b5e1ad412aea58bea83ee6f794f744b6db4b667002b1437492979720db92d5e84d9948916a287a416f3b6d837cd37b291b82c8bfccdc67aaf15,common_voice_en_17268798.mp3,"You two in the last row, stop giggling!"
bd8d62c753fde3f20f84d5dd1e968755a1b2ba06c38f851596caa213bbb58af70bd925e808cba22f6dcfcfbaff85ce48dfc15d8d22cc93eaf4abe1f00e4ac2fb,common_voice_en_17249894.mp3,"Never advertise razors by shaving a monkey, it's cruel and results in lawsuits."
f59f0800479f3f75941133c99de02310c3f1474ac1f744a3ada67e9dc594497a49653fafedf1a3e684fc72fc3500e6bdfdf93f733c7c05556b1814be300e3282,common_voice_en_106483.mp3,He wrapped the twigs in a piece of cloth and put them back in his bag.
6e005bedee69cd619924758d4900a4c9753eb575ef833b53794e7d641d9688dad8667614e0b046e384b92e40addf786c6a6ccbcee1d28a1ddf9801ed91bdf117,common_voice_en_17353447.mp3,What else can I do?
421a3dc1a0d0234da563d66c1c13e940b8e5d327510f014281e94db4e4c556dafb5d57ff20ed0f79a2ba6532e699ea8cc3fffb1b37eb5cb3d2f07f5eef7ca1eb,common_voice_en_17585845.mp3,"He's an idol, but he's not a saint."
4b38ed5b1c8f19bbb61ba25cd7c1e72805d13ec9c54b1730bffc0d0fdbc46943e813b837a78600792aac038b1179ea71701c8dbd26edc8fe9c58ec6baa7ef890,common_voice_en_121475.mp3,I had seen all that it would presently bring me.
0a9e2e1ec16353b1d1864292c7e46547040b3b670744a8920dbf41b297cadae5c3de7156570f8d16fbdb604cca6380cbd4c4a5e1e5df813f6aee41d2f62c507f,common_voice_en_101919.mp3,Wait for the end of the war.
449ba75bf6869d1b73df0c0ad4fcd5af939e2f2769621d28333a513ebba267e1ee8a8d80a78143609112a1804e1720070e64f2101bb5c8deacfaf2d8fadb720c,common_voice_en_17353779.mp3,"They found all sorts of drugs at Howard's house: Cocaine, meth, heroine..."
1e1aad2c8157487a405b5138a6650f9f1d4171634ae1928be9b0552488154bf62ded25714dc4ea333aa7dd959898e961fd3b522b9fb80cd0e95fb4a7b58bdd24,common_voice_en_17452090.mp3,"Don't worry, I took a cab to get home safely."
6055e19ee9a2bccd2070499b4511a2c219b44e31fe487171443dc2ced5705b31fd3c11d64e01efa9ae43d29b6dd19ee7b3d6ce169563e0f32e52eb3b55bce272,common_voice_en_17393438.mp3,"Yes, it would be difficult."
0c17db47fa21410875fc4a0f6227b9a4dc639a491eb272165d38bd6c04b8ece6424c73bec3d4192e32a2901a10cbcf405a433820be7dcb2becef1b0eb407f91e,common_voice_en_17265586.mp3,Can I get the sandwich without pickles?
0efa4799b1dc96a1eac8138086839115cb8cd0df9ceebbdacecba834459f47c2f69316846a0549ebddb75b8b81d4ef16eb25ce0a7759b4adf7be205deff77711,common_voice_en_16047528.mp3,"In Ireland, the butter is always salted, why would anyone want it any other way?"
5a33ddf8f6b0dfc8c4fbe9252ccabf4e8d3105712e75daf0388df323ee0f62fb472ee60aa87bf6ac1b75418b37d076b3950a276bb291cbe5743d51b989102bbd,common_voice_en_17248052.mp3,"I like the avenger of the new episode, he really is a badass."
aa6020cbed18e1b8e0bd276a4d8131a0a92c5358ab475be064a8eca4216b5db6f515ddd4f8b60703e60927470f8236947502b62ebf4cd4ff84e7c89a9343dc26,common_voice_en_17258258.mp3,"Birds feed their offspring with spiders, worms, slugs and bugs."
271fd6a9c5c0e1f7ce39811faf4e9e9ce4715be322340fc8b35c661663fdf00fb52678d523789abf513bd7bb95eff2c1ab38ffe5697e1cc98c2276bcbb3f907c,common_voice_en_125010.mp3,It was such a gradual movement that he found it only by noticing the dots.
9d40273311d562dc0d35cf6817f56f66e467b42d46b5b4cc4cf8fda687f41e5cf4b741cc878fb52ba890d900c8ea61d3870430db087d83ba07d5c31a264c2c8a,common_voice_en_15903760.mp3,"When he got the call, Ali ran out of the store, down the street, and into the car."
feecea1f4e9c5d7f250b4dfd0760ccbc544939a54cbcace85bfdebd552eda283cea8d9648ca1807c947ba8126071c2f1000c8312e41e1db3334f8ced37ba1ef1,common_voice_en_165141.mp3,But in his heart he knew that it did matter.
648cdfad0ccf8664ce025ffe296854e73db0972e67472288a91e5e3a7eee51f5e407d35396eeb5f14db4ac3f48e52bdcba30121fb5fa062668cc39fccf06fc52,common_voice_en_16048321.mp3,Volleyball is almost equally popular in both genders.
26d8d307751ded08f93a283471825e6e747462b64b4d561c02f03f021949044cea4fe6b0bbe94e2f5e99f6366382866c9254a64f19a03c6c5584d964fd79221d,common_voice_en_17289234.mp3,"After lurking for a minute, the crocodile quickly sprang toward the young hippopotamus and ate it."
6b6f250cddfb39a3b24a6fdb947500e8beb9256456182baa3f58622cbc860dd81ca974ed58a6e24472516ab1abf42fd8bc471cb7f515dc572e6d621cfc1bb616,common_voice_en_17824000.mp3,But what are we to do?
6dadd1ac8accbf757957cd8c33b82dc295377dcc9a6e2b7fea80e0712db5418bf7980b805c61a8e6e81849985ebe4e421611f2741b7066037f51bdede11213a0,common_voice_en_114955.mp3,The boy told him then that he needed to get to the Pyramids.
a42d3b047221c7d3e65f40430bdfbe4e5424d6df039c69fa2511e199c81a7fa539396789e4439b1862c09aaca4b7c4b99cd58258f2ba7f73bdc29232ccf78072,common_voice_en_17938003.mp3,The longest journey begins with the first step.
7510033455def18a4699ba54e3c6c7c55bf9a199aaaf2dc56675b07059571b4ab8e65dd87a2e05fe19270e8fc2b48649cf5f010693c51c5a98f8e9ea56bcb2dd,common_voice_en_118035.mp3,The thing itself was almost entirely buried in sand.
dea5aa3ddf22a75c21bab082d1fbdfc46c1faf308a0b50305c0bfb5bfc6e9e01b677583d42453c84ee3a7e0ea7d2e5feb3b306c29c1123a5ec2c21fb9a82129a,common_voice_en_117338.mp3,I'll be right there.
00b4f0212e86f5e971680348bfe2d476638dfbb8f34a0ee1378429f539dae1b712455dd10f4649d6c0ba4f1d81a5d0b991a974b302360733384da61f77df5009,common_voice_en_152169.mp3,What is the movie schedule in the neighborhood
159a51541efb1e50125a76858545ee6d0554e84ad1e607c62b79b93eeff2008234579e1e55181d6ed42c3f30bc7cadfddfbc0ca651614eed016ce4e479081be7,common_voice_en_103112.mp3,He and his family went up north to the Arctic Circle to meet Santa Claus in Finland.
618a327bf72866a590a2bbdaa13c6553921157973f75562ab3a64a20f39a0f5e2f29c7f526a29ceb320255bf0c78f10a333de6c8b8b62ae13083b2fc27e94818,common_voice_en_17776051.mp3,Not in a month of Sundays.
b08a47240fb8ce3e4390c0c2620c78b5f3491607e920016887e080e99dacf4aad24cea04778f2e2b5047530b7c18cf628de7887777a8272e05013fcf71693c1b,common_voice_en_125540.mp3,"""Somewhere you are holding the person I love,"" the boy said."
23d3fda138a6a27a27423c176930361c022fa83b303a89cf2fbc83931e0cae6fdcc893945013676188772cf0e139c6e0955af1b5e2d94faa21c9fe81318eef73,common_voice_en_168331.mp3,"""What are you doing here?"" one of the figures demanded."
4c49484854ed56308a1f646fb5e1366fe17c8cb007296eb39a35a21bc1678591eceae822d53e47798f0efb604caa744d79c5216f83ad1918230e8c1c0cc8a71e,common_voice_en_17274212.mp3,Have you met Catherine?
12f8304f29c38d2cb6b40c97874623e440985b9405a2720ab2afbc548b5e85a642f05f719e978d450ddfc57a8a380da8114369d5ec9069c7575d8b7d00c534fc,common_voice_en_175502.mp3,A sleeping toddler has toppled out of his crib
0a7b3069e00252dcb04dd2869e3237d0970e890fc4fa6a78d7fbcfd3c23762c7c558db96ed8c8a78ff5fd856bc3a2cd3470f1096f07c0fbabd0f5ab36d8d5dbd,common_voice_en_1175989.mp3,"The very next day, he woke refreshed."
68204c230ed9571569ab3fa964cce6bbd7b11cdd0fec4f26fdee3c61805371103641e5671648efc0c657bda3f3b10a019a0805f175a52320d6e1c88e1efa594e,common_voice_en_15733742.mp3,The worst wheel always creaks most.
221dece7fad87b8b39914fb81ce0568413a12905a6802eb4c939e3263d0284a4dd076e63c4776b80695294b42d4343c4f31f3ccb857f7891118bb9eba3d789b1,common_voice_en_17956817.mp3,Fair exchange is no robbery.
bccf75dcb81d5d566363469ef000cd37d1ae921cb6e9ae42f2b90f6a2b65a43805b63424be10abf2b7d9072f1b57595b52ce8bab9db377075519e1eb7a4c5597,common_voice_en_17796041.mp3,An irregular petty war an armed mountaineer.
2eec6f8f3949e5eb8df300df57326ab9929ba7a7faab6bdcd15efe5d60e4e58d1825baf6a870330ad822e1e191f414805dc776319924cbc05a146f9a82809091,common_voice_en_17388981.mp3,This variable is set to indicate the present time.
3a89e97a5c19f4417f05a7d6b1f842506b05163654bb317fa03c3b7c4366b6c94a9f329c7877862b0b06828547b7dddfdcc05e70a5490a94e81cb803d99cbc9d,common_voice_en_175889.mp3,The microphone put out a muffled signal.
003930678b60d5e222a9e607b7d51a669ed40c7f8c1d557527d0697d1fd5828e729d7471be44bff8557f633c4d948e72921c3dd5703513c907398f3cf5dca891,common_voice_en_16812.mp3,"""But don't worry,"" the alchemist continued."
048c6b2b92726d96c1a561e526f3e039634c608af703ac6e722f7e7aa210a0a734516735f6b51004a38fceb39fef156e0318d4b0f898734fbbd015bbc66f39a9,common_voice_en_17283664.mp3,A new remuneration scheme has been announced by the government.
7d4a829538175377678b6b661b88313ceeb790a22e71c69a766f6bd0e506af6fca42df2e49e4da9547387be18b7187565285404e6ec439473ab3d79e7446096f,common_voice_en_17923118.mp3,This section deals with the caveats of the proposed method.
9951e3e152c79c4d9371dd663db07406de7064beaeca7a16ec96e16917cf5a9830259584e1d89fa747dfa0bdfc7101dc507f734d6b7e3d40987ef16b07adcce0,common_voice_en_17391288.mp3,"On a scale from one (for not at all) and ten (for very much), how much pain do you feel?"
448d4f5a9dbc0171b2f7203136213d28ce50870df26bb2266b90a3741002c353b1f3f2a207f94e1107dd1de5a4b2d066232e381e0ec12bfc5e1865246c850bb6,common_voice_en_17280163.mp3,We took a visit to a seed bank last week.
c724166a0f04c3da9d7881e706c8e5f34fe69bb5ca4c8f344f484d5f3419ed90d58e5845ac7172a3b756124f94a7339cf61233fc1dc1cfd96e030189c2134e64,common_voice_en_17270158.mp3,"After the dance, they went straight home."
66985e12fe6843f06b761fac3f5879976ea1850e684958044ff7eb35a0e50a6010d18ae83c875e618fd95c202ae9ce4d45b7406c5112a1671ec2d048a6e76ccf,common_voice_en_17297655.mp3,However did you manage that?
bd8803988dfa35f865944eca1d8fcb2f2f8d4eea6511dfd568997020a0847ab26fa7601d4bb20c0a408524a8dc64d48101ce9696999981a3677efca11ae035a7,common_voice_en_17897035.mp3,"What the eye doesn't see, the heart doesn't grieve over."
eae960f6375a9059934faae15f36779e8f3052b01c866e81d04a381f879584ce5b69e4cfee6cc0480dec11019f917be49ee90b8c1ca4b2daaeb92661f4e33861,common_voice_en_139145.mp3,I didn't know whose it was.
44db36ef9fe6431343e8d7c3a358cc890585d401b861c7b8ba535b8f65cb9184f5c11e20c8285deff530099c1260232d93eb213a4b62ba09f212f3fffe778fb3,common_voice_en_178056.mp3,Are you enjoying London?
8a76be72d65433274dec006852575e4d1bd59c66777da8b4831f2a2d85809ca26ac1900823ec546cc00ee8417cf2a38fe6cf84cd0032d1e36c5d3e39f1805b8d,common_voice_en_101613.mp3,Nothing personal in it.
7e3ccfef574aec3fc13b5741c621f98a865ff3bfb6a2f080ff363283ea32f61799f39914e016a922c2b8397bf10cb598f90efd430d74b93491978cad1c7a7dc1,common_voice_en_17716622.mp3,"Just, how big is that closet?"
c69d314318ccb3bd292de1f14006249b8eeee473a610f3e2c6b4ef776930bd2f60bd791a9844615795d3d8bcc7eb98767939e1e58ebf6f8ab89638af8d5f3873,common_voice_en_17730642.mp3,Comprising all men capable of bearing arms.
21a052bf4a37adfa858733a79c210b275ce589b836b7a24acc84f34f86880969e45341ec6745f24b4f9a22afa8d6329647df4ca0171602f4aa86a139262a9c16,common_voice_en_17360130.mp3,"""I don't know,"" she said."
49cd2ede30930226c9d200cb38c605070ae996262cb0a33c00ee75fdf71e49010cd42488ddef9c1f382be881ccf2517e5623de7eb2071678839d93d47bf28f83,common_voice_en_170169.mp3,Can you hear me?
cda01499da9730d673cd0e5ac07dd6ad382c23c3cf5a97913cdf1b27058594ef11c4aa9f474e4bd5056097177988afeb6c18d1a7b5a7f495d9fb29d7323152db,common_voice_en_17276454.mp3,Thirty-two Turkish tourists took a trip to a turkey farm.
0c17db47fa21410875fc4a0f6227b9a4dc639a491eb272165d38bd6c04b8ece6424c73bec3d4192e32a2901a10cbcf405a433820be7dcb2becef1b0eb407f91e,common_voice_en_17265584.mp3,What do you want of me?
15ad20591d1050ed92658b076a52fe2ea3ca30d51aed41e3a7ea46d163d23309e51c0a368f4aa3e8030b62652f9212ab86580d6fe3dbaf1d78b2e4dd347c24c1,common_voice_en_17356866.mp3,"It frightened the deer, scaring her into the road."
30be33cc0eb14e7773c60ce3987d86e3feca18b02ee39e3047012a810bbc669217a7b6a8d1fd3336be91e2ecf3afadd12219d78b7655f6cadea8c46830c80902,common_voice_en_17264720.mp3,"When blending is activated, the alpha channel is used to encode the opacity of a texture."
b41076690a739afe661d09276bfdb1df31e248853fcc7c4850aee2bc79a4b015477b3614e7999227fabdc7e1efcadb65a202b5561199bcd515ec174a56a1f9a4,common_voice_en_13472957.mp3,Smooth water runs deep
5e47460b3698561c0b0b33bf630f4bf601ca644658d9e507315bd030b570897c5d3644e960c8ed4493267abcc02fb44a1ca93da8b4f877244a307926664b8dba,common_voice_en_1742052.mp3,I saw that once before.
a1b8591e4dcf6a34258e2c193b10776b268fca4eadf47bdc275230750aeea4af5b2e21890957b7c5129e9f65f18afafaec306820f064c6e6144858bf959ab8f1,common_voice_en_168907.mp3,Nobody's going to rush me into anything!
e11475994ee33a3a3d27f39c0ba779fb5e0c3b6cb55eb3d40c42a01c88a0a43711fff27d3de07e2453a33a8e7c1baf23dc06419ad0fd5abbd8f439c8ea02fd38,common_voice_en_15733954.mp3,Katy Perry is a famous American singer.
1ef52040663825ba89db5592c542e67c8f1a93ac49fcb14f5c17cc1b18afb6dc7e30521c5aabdf5c8fc072b19c7f959b69afb9204da5ffef066dadc2f30f21d8,common_voice_en_15663822.mp3,Make a virtue of necessity
165ab065f5b7a433801cc855c998a9425632a6e8882bca220f508bdb9e4c38f22218647d8324ca91dba553fd49e5edbfa34d62250ba0769080b33bfa68e8ab4a,common_voice_en_17267738.mp3,"Let's start it all over again, how about that?"
749e6c58c40e4d3816107aaf41fa8b4e4f4380dc7740343f9b07a56dc730a51668235be4fdbb3c9b8828cb645aea401fa816efaaccbdbebe505d080712f92004,common_voice_en_107113.mp3,Two boys on ice skates race on an outdoor ice rink.
325436532147377b3d548b125377148cd8f738e02cc635e1276a848c8e763a0085796dd8cf44321e5e2f2b3f6382da753035db8ba53eb847e249e020b2c05599,common_voice_en_17269333.mp3,Are you going to Kyoto this June?
0f58a3d4e1b0baa8e93684cc062cb1dde71e2b2fe83400109354d3760cd1c8d2b2f7ab346f6f55fa4d7abb72383d4b11abbd32b669c674d13f38c6b3f13e7b75,common_voice_en_13496.mp3,"But, most important, he was able every day to live out his dream."
125b32285c26e097824551555dd0f98e9c1bacaf6175d68e14b666a54e16af2e76d0c929f1f8a389d8070dcbd5c7a197dbb4615117506a958ec3973b1334f51d,common_voice_en_171538.mp3,The alchemist followed as the boy's horse ran for almost half an hour.
91807d56af70ce53d0eb266d5b6ef83c75ae248d4dd73fc562d771cdd7e6425db1d8a0e1c8b5744de010a86b43fb44297b398ba20e5f0760259cc44a87121b1c,common_voice_en_154406.mp3,Sand is kicked up as two animals run
3a8269050734b324b9dc49d091c291edce0c70ef67e45f76219ea23537b52568ea87e4fe71dbac487eb22a5453198c8558da98fa33e7cee0e531fef93ded23c9,common_voice_en_155988.mp3,Man in Santa suit socializes at holiday event.
343e217e6b87c6c730cf34927ae0e98e18d19e55bbb790200d5ce1d61287be0c687a0cc3c2f264ab15d0fd72b39170feaa157acf7127efaf9465aca666680fe8,common_voice_en_17282729.mp3,"Okay, that seems fair."
c065e6b3ef78a5919904f09d5d865997e6d2085c12984e71059024271723a663bb61b5803ddd27f5f2a5df3cd0f042487d57b1af8de0b56e96bac0f684530b7a,common_voice_en_17278760.mp3,"No matter how much he offered, Scott would not accept the deal."
a18ea6918e1deeaea6f0049f6e1501e2cc129a5e69440df8dc2cb0c70a9aee808de9a3a98e6d3877cfedc63710637133c2de77f4a9cc38e9a900c4da4e084bb7,common_voice_en_17836243.mp3,Algorithms are simple to implement.
8d031312da303dc86c183e496575650aa5a1b6d33a2f963924b18afaea5fcb016a9aca203e827c1478c78ccea84571d96685265cd914a01959e361b0a175acfa,common_voice_en_175041.mp3,"""I'm going with you,"" the boy said."
9427f426f1d56ab87429d53e3cfc3954598976f076320a50f8a0582f389736e770d8f7950414d62a07a002a00dde073b6d2e4bcc801de3f546c56e6e897ab632,common_voice_en_17293552.mp3,"Ironically, you just gave me the perfect alibi."
29a95620946719d2a7d17f0d3d1ff80ebe9269df3f48cd2f0a96d7c09e46d0b143bcec7143917045c4bbce1c0046c01e52a6812ccac786693e8a185bbe072754,common_voice_en_17275584.mp3,He has modified a t-rex game for a Christmas event.
0024b7a05bfd6823fe666de5fea0024ba4debce193aa564e1487a8026653858f1d23a48e9efccf221f00c4dc3c7c3e121bb1737422ee4e7ad0f1442558057b63,common_voice_en_17258297.mp3,"Check the copyright, trademark and patent information contained on the website."
11c6d46aa22288700a93c58aad9d915d9b8271155aa9ea8a739cf134c193a34fda238657434e3fa5e386082130ef435e244701632e82614406959a2570a796f5,common_voice_en_163020.mp3,He said that everything has its own destiny.
67b6d661500d73b8ad8c39c22db8809735a10539650ee3b90fb71341b7d27bc690cf96c0fa6abdefc80002bc14c26c9e2569d963c5e5c54f59c21ca3b1086ef5,common_voice_en_129603.mp3,"a lot of patience, but shepherds know all about patience."
09875bd91c23dd7fadfceab08337b15ad7101c1de510efb9f580a22de7bcd71d8c77f9b52e7c899d0d41bdfcf9250c1934c5d6e7c00dd3a56fe2d045dc372ae5,common_voice_en_124873.mp3,Did she discuss it with you?
5beae5585eb31b1ce8fa74c16771051c85af79e858315e0c80e77797ad9716e36aeafb7dcd82ace79bf6b691c9361d6d962a5291832cf04f8e8e50f77bcb8430,common_voice_en_15733858.mp3,"Next time it rains, please call me."
34c12c464abdcb1e9fcd7471e392485a0643de4db3dc5cba978319d90cb0df10dbea148ed74237e26166a7934dfdff02a2b324bcc54da143edbc481aa15d48d0,common_voice_en_15743189.mp3,The ink stain dried on the finished page.
0ecf8d6b0ac823f94af7070a820ecac675242cfb35da2300ed698310abb7f730814674d702d4bfe33d4abcd5864420ef8ab51a5ed31da2c39aa73738855b4714,common_voice_en_17344943.mp3,Did anyone else share this lab at the time?
2eb35dd3e8f90644e47fa6be73aff9e17579faaade14fff53838bea2098777a76a25eeceee945d3ff7f677fcc6dd76c7d5e5119afb0ddccacaa4e19e94e3b16d,common_voice_en_172994.mp3,"After the accident, his bicycle had to be repaired."
879a5e2a4257fdf5a79998a76b51d02c0817dc75b1bb4ce0c439c5b31453efa4f992b1224ae29aed8db1d23e89e1e422c94964de028d8cf7868a2fbb26c23e3c,common_voice_en_17758238.mp3,I have it here.
20b4c115dd23181f00d2929a1055d263a55a0dd104376053b9bcb06e090654968d72c8589d2a7a889ce220432655f03b4884a7239a84c2dcd47e614e7399c80b,common_voice_en_128194.mp3,But the Englishman was exultant.
aedd22e5f37743c1d3d4b558ed1baaf68823ddeed0db87a538240eafb01e4b5b6730c43c0b0804692c161f1634a7dda10e4bc4984f1d2d5b3d6780c0337a663f,common_voice_en_17357047.mp3,"Perusing the woods in the night, she could only rely on her instincts."
49bd82785890fa12b329093c43b7845580c2c7f5960c4403d1ec9eaba22472a6a88fe83f7da01fe45247428de42bdb247ec88c5d21ff419bdd8a3ad1a89e3e87,common_voice_en_1371137.mp3,It takes a good trap to capture a bear.
02bff360a0ec79ba0e259c5c57f5f52d5ed0555e42464bf1bcc3d102163319a5c993b029fcc6f413815e051bfe443c0beacf3f62fe8012bc9a8be3da1e2de4f5,common_voice_en_17260286.mp3,"What do you advise, sir?"
275533f8520328d0ce137ac668e55a29300f62f977aa975c572591ff572f642d31dd4380d5d85a88f1d8095a87718d74c4ab7f372eba8662b8ef16f6287a4b8b,common_voice_en_128024.mp3,Two ladies are shopping at Target for various items they had put on their shopping list.
fccc2c392072cee0290895e6962f3d80d6a6596f9b90e6df322924cd571339006beddb4c9763b6d2d0c920d17d2c8590f7ad01651cf8b31db766276adc25a61e,common_voice_en_1663246.mp3,That is quite true.
accf071e00607f43c5eac4e28d43c6a0dcc6f60aef7cf77b08ead182c7390e9c93fb76c5c17e0d06199d93e1bfe4feb39544b18fbe81415d4c64edce0d7e0bf0,common_voice_en_176869.mp3,"But as he saw them lying there on the ground, another phrase came to his mind."
d533d06796188666760bb4f863b5cc31e9cecbbe0cd9a744ed7c6853c8d95a971b9dfd8b489e4fe89268fd1d0443bbef589910cc4a9f952caf48034e4bb804a6,common_voice_en_125325.mp3,Elizabeth reclined gracefully.
5beae5585eb31b1ce8fa74c16771051c85af79e858315e0c80e77797ad9716e36aeafb7dcd82ace79bf6b691c9361d6d962a5291832cf04f8e8e50f77bcb8430,common_voice_en_15733860.mp3,There is no fool like an old fool.
61374b7ce53e3458090f8594d59a2f04b6b1a60de009b32b520dd22c7aed60d662eb2ae6d67354e6bb7a848dbcbbc0b90e551fcc5929e8d2eca14fe78e949683,common_voice_en_17688788.mp3,"After being sealed for more than eighty four years, the vault was finally opened in twenty-fourteen."
4bfd582428635f47a4c685346bc449f34072f5d6fed42778995e63c6d18b6e2ed6e1133a86d124ef61477a8fb464d005a5f3a867f165251616e747d2177a5f10,common_voice_en_17902410.mp3,The black trunk fell from the landing.
2fa3e898e53de905954c3f0e87b1e41506be9924fd3e63f52108ab7324d89bc78befd499461a8364082e154c6ae459a04b09c1c5f8ce70bff4925c78f84e7ee4,common_voice_en_110793.mp3,put on a Serge Robert track
e08571f4570db863eb8c15d2df8b07433234d513d55344e26e1f2b8106685be99aac40043050eb81219740b62e527c66a4293c19ec09800ae60764cbbb6bf460,common_voice_en_120841.mp3,Opposing counsel wouldn't consent.
34a08c7fe68cef937adbb4a8a6181ab693f7941611b5de893165cbd709b2112d6b648fc81da760ea0514fdceb1a25c34252f057d4d696b3daaddd2771d6a2e27,common_voice_en_17698370.mp3,"The two events, less trade and no more gold mines, forced the mint to close."
cda6bb72523fcbb49fae7d90dc4375f4b173d4256bf40301146712a6506955b4ed1574c0e80643637a5c95d5958ebbb7cc2216ec832b03f730b5a89bd0cd4d29,common_voice_en_17785547.mp3,A white silk jacket goes with any shoes.
218ae75191d4f953af9670b56a2e8b8dfad203b0fe67c5e9c418d644a97987a180a5a31775f91e92727b04ed628d06edd5cb4b7bb95b60ade7740159cf21dbd1,common_voice_en_17490389.mp3,Where can I apply for the job of a millionaire?
f55748ad24cf824020edfbd10a375e91651b9a04ba12ea81fecdea7e6434ca71bc3686395346d28a774c48dc51e31324af123bd1a7f05bc3acaa8e2bcad92e0e,common_voice_en_17754097.mp3,The room was crowded with a wild mob.
ff7ffbdfac1f30cb932347fa30d2e82f8f7074ef482a87fcfb20e41590f205643a0e3f2740b26a63c5a9d0fbd4a76cccf417ba76323f9eab7974ef4bc83d958e,common_voice_en_124254.mp3,But what has all this got to do with the CEO?
d2beb75355a719367474b7dfd52b1f55f39e96a79f392f6d758af62ec3054c2505143a0970fe9e37ea1411ab4eba2603357b1a55a1aed20359463797d5ebc52f,common_voice_en_17276684.mp3,Did you see it?
1c12b348b5781f02abe3b9c6d84492b1e552226cd8d7518ee517107514a4e8923f1854b9a4c7242d328af32114a28c604a203eb941653f7b9b8b151cd9d06660,common_voice_en_134670.mp3,A group of people are hiking up a mountain in the snow.
c0c85824f3e592d9b81450471d9eaa0b7de91f491fb2053de794e4822c103504b81293bc22a1221fa1c37d34f37053bf01f7a5becb1d243743b73b4cd26e7fb0,common_voice_en_17884398.mp3,Why should you not?
161f8e842a4c9ca7557e795862a2b4e09083db22d93c4a1ff098b497f064f9044a71349c5461626280bf5401b6685e29cf5dcc7f8758dcf8c8ab9e69f7b38103,common_voice_en_17334605.mp3,What have I done?
dea5aa3ddf22a75c21bab082d1fbdfc46c1faf308a0b50305c0bfb5bfc6e9e01b677583d42453c84ee3a7e0ea7d2e5feb3b306c29c1123a5ec2c21fb9a82129a,common_voice_en_117337.mp3,Maybe it was yesterday.
36d90a372486eda3f3f863d40660f411f1af0ac089b444e218de073693db656d5721ab1b5864c29a9bdf13e43c0f955a1bfe894ae8c2be528c178a291ba7c1be,common_voice_en_17260918.mp3,"Thunder and lightning Hasten with leisure. More hurry, worse speed."
fed40f07e25698173ee37f791bd69c41685fcde9a25fd1aa270a15f484c97d031c9f485266419f1760b019c083c163d6a81e32d34c67460492cfb3e9034dd6b8,common_voice_en_17273453.mp3,I've been here over a month.
30cd9ed461728a0cefc6ce93abadef07dfcdc2e98bbece3f3d2d0aa573ba0fffa443ac7bbb5648a3dae44c9c39540090be119162d5e3bc2dd66bb6282c502228,common_voice_en_1646198.mp3,Harmonic society choral
a132a73a01a582f29a650b901b68eebeed2c540a44d3cf32ebeda0d00b93dcc06b0e1c5deb51d3c717eb54201e03bc943ebffa1566ef74a1c0c8d89ec8c00d69,common_voice_en_17249432.mp3,"Sentences are built of nouns, verbs and sometimes adjectives."
7cde26fb22b823c5df35d607817c7acd7960eb5d4a73456ca0191ced14a45e9a6f1488acd7af734d578df3e89ddd86b3b4d9cbc8d45ad6834ae5190921377406,common_voice_en_1172054.mp3,And what did you do then?
77b1d55ee44d0f0941a434c326f611e63fe9851e49785a3f710e31bfd18066ac3f1e552dfad6569edd8dbb31c868b8605b49ba1018025956f7a63afc716fb505,common_voice_en_17250062.mp3,"Even if you're an expert, reading all of it is often not feasible due to lack of time."
5a5fee9cf1e1c4754ed6dc8a8cd254d2bc595a82ec0b57f9a7fe7afd9bc3d98fc67c2a081eff159030b42ad5816731eb367bc0f7020e8bcdee99c24aeb9030a3,common_voice_en_15790583.mp3,Two heads are better than one.
06c411a4f3336a48a231850c390874172f9ba38716058c6d9895b18f1f97c74d2b3de3d5218f693c5d6e87757c4c6726575943de968f851c1aff5f01d26b6137,common_voice_en_112549.mp3,Don't let anybody in or out.
99c22c86e35d37b094995f03507ba9c5af4551f7d44c963f71ec721defb48d4e2659e628c09dabb6fb1ad8dfae2be248ed64e3824e9f4797c60ddfa8a2f64553,common_voice_en_17282893.mp3,Who is responsible for these parrots?
a5f203c0d4076dbf2bd7cb02bbf88cd8f6fb79f8a0e523f22a948316a667fa89f129130a62b9707d53831d6df459bf569dcac1e5736f3a118798a08aae518514,common_voice_en_12328806.mp3,There is a social facility on the other side of the road.
49906a1c543b9e5299ff35343239dd630a6e4ed0c7c651ce31b64dc0f4b7f9d35b80c14985f3b3cb96e37603bc00de78baa9bbc0893ea2e9a6127b5af07e8851,common_voice_en_17304677.mp3,What do you want?
1eae368f6dfbbffbaf1c08e9af45a5fcbe62c228c66103e4bb95b0fd2774cb1b46973bad456fe2b7c2f9be58177902ac45a07ed23f41000ecf84fe0297086a39,common_voice_en_17260311.mp3,"According to the recipe, we need mild mustard."
0a003133010ee6743f688249ccea31b6eedff14b6c6b7a6dc44d025efb9f405308524f779ceadb99bd36bc91199a43f2bd6be66732f08565ba18c54a9fe6c323,common_voice_en_17265501.mp3,"When you travel at warp speed, do it with caution!"
c8480c285f661694da8d1fc82556ab3d13663e71f6eb40bdf2e465dac984252a6106faa855b4e29614c5f531e03eebbb2c58dd18186a49c7b54b7211563b76f2,common_voice_en_17801883.mp3,The deadly monster kid made the news again.
d48280cf925a0b5605361df91400f02888fbdcdc03dacdbec078f7c7501f1e75218c1b175e976e2abcdfea2205ac68e587151b081eff67c88c9e687f5cc32789,common_voice_en_114321.mp3,A man in a fuzzy hat is holding a large bass drum.
35f3396116cfa1b6acbdd2d614d2048f32f60884826bfd9ef0d753e57a37cc9823ad60a7e23c9787c015e19503fa4df1032f24bf16ace4b2390451998592b939,common_voice_en_17283107.mp3,After the storm comes the calm.
8a0fc7ab6a23b6631bf6006d1f78b07b2652f3b84fa5fcd70c12f88bcb56007c59faa12981a6f35addc76af529d0d06fe5affbc57692385e47f8ee777107a30a,common_voice_en_17667183.mp3,"The majority always claims to be pacifist, BUT ..."
2dd2d69fd0a77a86c5282b2bd606a45a8b448867c1b50c498e00bc24490d68259294abcff61682c28f62bf73b5f48d9cde574e78d537eacbd5754c32ed178088,common_voice_en_169749.mp3,It took him a while to get to the office.
948273b2977b157276a1c61693f5f6d5b8999c2cf35ee6576cce0172e762ff6b520325136c1a9c733a243162b9b8a5b1cc8869abfc0e3d45dfbd0b4f37f1c5d7,common_voice_en_117434.mp3,I don't like seals anyhow.
d89d2a2c70add922cfb8aca06126a1df1f80aef41191c34bdeb4e700480755946bce3ef18993e439602961eb2ce5532f9f58e14b5f27e950282f7225c8f6720c,common_voice_en_17795219.mp3,How beautiful she was!
36c4e1ff203bb6a2bf7b6f5c48fa4208d3156a7d38d858c94950b1192190e2eb24500074500717d9d6f90cab184b419733314cccfaa4b0ebd65d596ceaf66e0d,common_voice_en_17893142.mp3,They are given in their original form.
47df186786d3f26c956fd6ccba5f59e36df2b1b9a539b91a1d6c60c918aeaafe3c4b072dc85a874440f4e89b095de3b24c814a272c76e2bf1aee96b0bc71c7ed,common_voice_en_10564.mp3,Did you see any ghosts?
273166876f0136689f0d75c92caa224d250bba1a75d1a5d3c3d6e68540032df9461e321362c7b3e38fa37e2d6a57b3bd992b2c9fdd4648c62f004f15a8d484b2,common_voice_en_105826.mp3,The men of the desert were already familiar with that wind.
8753a71e66aec8f8874f65aba6728cf8151da608323dcd6367064dd4098e818e95119a326ffd4396cd29e4ebfea78bedd302a635b5d22f7b1b19a9886f1413ce,common_voice_en_17245914.mp3,Did you see him?
2742484f4e3cd1369108b5f7ddd99e1ff06cdae32b50449da7110e2a25ce7247ff70118495f385868722522200c2ba40eb71f1b356f0927f6720438737324dc0,common_voice_en_13812908.mp3,"You know, gifts are, by definition, free."
0e21f5eaed852335352dd42f06ba645f3934bd409d38bc4f75308a76dca4ab14e2d40adeb09a04f0c9eae4c004602bd8372d517928df32f4347fd019087b21ec,common_voice_en_113924.mp3,But I'm liable to get into a jam.
8dbcb1c51d255dd78726324913bf98b46d448738c0a8587311966ebe4ec472fec89fb89fbc29262905a504314194230e9460ded8f692a04184b6f5a94d54d39c,common_voice_en_12944.mp3,Please don't appeal to my Sentimental side.
594b131592b4a5f5862e482fdd8287b7191cd69b5be9c92e06dd7ab565854327d7149ee7f72b7a436f8a72f74815ed3676b9aade9bd50a0ce83a6f627c48e5b3,common_voice_en_10362.mp3,"At the same time, people were passing my shop all the time, heading for Mecca."
d51af2bc426b510f6fa1391f3641d38c661271ca2e3787653cdf9aa9608ea8f4ab20870ea5ac07e2406f57341385b9f14450db9358a67b0be24ef15db21e36af,common_voice_en_17918528.mp3,What are we to do?
ce24574580246f3c4e402e260b6239e232306b5a7d043bdfeb61162a37872cfb82ea54457098f261aaff63bc21772b52d8245d3d43fc3097b7dac0354b4f23b4,common_voice_en_166483.mp3,He forgets the office when he's with me.
a5366cd368d17976beede851d5310b43d6aeda03b1488e74ea07719c8b3b6d02a10378aaee8b564f1bba7f93d86903523ae305032ec5b1a6d0cf92751d5cef1e,common_voice_en_17255814.mp3,What does it mean?
2ca83348150e97ce2cf68f276d6d2dd7c235f9361042592e70d7dbfe102fe2a12576b2c908f97f250396e8cc634fe3c66fbe02396a8275787b15813f7ecdd54a,common_voice_en_17296151.mp3,"Money isn't of interest to me, power is."
8345b3e7d3e3cd8d9e4989640229ff89b439452ea620de4200ea2ab3dff726218bd522dd78eedbc11e1a345bdc975e3d9e5dc822b6e9dff6d52218d0e73aa924,common_voice_en_13970838.mp3,Better to wear out than rust out.
a39def23517ac6a1477a3a023bd4f558b6ce1b6c3b4142f9c0d9c813235acf64bed65b1c0cef1313e97615be2ea071c54223488a5a594fd5dd5f4ffdd4d1612c,common_voice_en_130386.mp3,Where do you think you're going?
89c707071167db99f376d977bc2dba3ffdfd1306e3e38a6dd5901c1c2e5dce46e848401f62750a7d57d7fcace0ffbf3b816a8aa5ccce3a4e3f73d1e704900fa3,common_voice_en_17278185.mp3,The children learned how knit.
1e6994a16b8fdcc97600c4aa21b996689785bcf55b4439edf6ba506e8e6a6f63ad8c342790d6a0334de879faf75c811de8b7b12a67570ede8aba3cc0fe4403cd,common_voice_en_17731771.mp3,A flat pack takes less luggage space.
c55d7bee7d602cc8442009e41018e8770373a8c6c4f698dc9e9378c48dd2aae837703b6353bdf289b7bf142bced4f69b85d640be5e41472197872874f53f1371,common_voice_en_104932.mp3,He loves reading magazines and fan letters on the balcony.
2d1d79e834307341a970c983c88c89c1c1cfd6039649e12f6f7540dc34a31ceda91b3194699b3f11aab5e6f4273b456cfa75b4380bd644360a5983c1aa376cea,common_voice_en_17251784.mp3,"To summarize, our comprehensive survey discloses the true versatility of their method."
d775b35871a697eed13dffb66da94d7457871457b37dd0ec7f4d57193caf035c03e5637bd190efe9211977da23dcb1a6a6f84b92d781f85b97e9722415657f17,common_voice_en_17288828.mp3,"Not specifically no, he only gave me the gist of his research the one time I spoke to him."
e91562fbad6aed9c40fc3b3d84fc27a2074f28246c5161ff9e383811ac0ed8d92c111a3c3dc1119ca764ee5a1a4b4ba6737ed03634a0f72cd4eb9fcf8e40161d,common_voice_en_17880690.mp3,"Oh, to be sure!"
f030584c8de9341401a918d02058364b472d6bc718763e4b78a22daf763e428b8f8b6e1e1c1a2876f91ca529a59dec76f62f02ab4f4f63c6b2485aec7599303f,common_voice_en_17147658.mp3,"Hamilton quaternions can be used to replace many matrices, but not to represent view frustums."
6807c99d0233e83e7291c69a1cbf607455a85fdb3c6a9e488dba3dab4be81842470aed933566a480c27f0da0b7b70fa9f6d3ae215826f5c8e3895b04438679a8,common_voice_en_154659.mp3,Adam is a crook.
64fb8e6d312f9747f96a89e32b0b0ac73c2a4faefacf09587c04d26cbbe64b12e736f185c24bda4ff0d7e9c0f866f7f13e86bee9d825a79a66bc3b409b97d71c,common_voice_en_17708185.mp3,What can I do for you?
f9820c2a168c18bd6896b07c0b200ba2cc085e1cb412fa53192ef754530f042d9115e7a8cd4f978f9269af371155cfe2ea83613cfb2b5b7301af6c350f5b074b,common_voice_en_102649.mp3,Three guys relaxing on basketball court.
06b7150b70417e36f482940d16fc357e6a512f7157bfe89b16b2bf50f33597d87dd54d6b3ae618f3e36bd32d3473e48fc34ad351296d881bdf9d981596d9862a,common_voice_en_17373544.mp3,But what if all our readers were whispering?
93bc4e848c5adc352d362d151629372bf12616be4d571398c885aab6d8fd2824132dfebd425c71ab1db7f043549f92197b32e7c5f73c854650725b6b1eaf5bcb,common_voice_en_17288943.mp3,She's low down on our list of concerns at the moment.
5de72bc822cce6959372c3c009cb05291509aab537bb161a31162bfb00bfcf2f19636f4a897ecb33a2aa2cf6fcd3ea123afb19428590fc541c24e3e426e61399,common_voice_en_125799.mp3,"Of course, the two were unable to do anything."
3a1cd89f2552a5c3cef9ac8a1a719840eb4f0f959d50b5ef4f893e2f323f66c85f63328ea7ebfe7eab6b2db17b419f29754ad564f029efcd659f62c563a78dcf,common_voice_en_17939395.mp3,Check the person and/or company who owns this website.
cae19c7949037ee8830363ad40824493a1506d5d6f59a513b42cae42f33952a31e401d01e983220bb3e5890bc61c0f69144e825df553c838eee84609f92f9afa,common_voice_en_17275734.mp3,"He was bisexual, I think."
1c2b6c52bad5570f93824d5c056f86f7769d637e0a431e33887ae3c047fc133754c85733092440cb9caa8e500648d050a8e5a1d0517ce3ecf8e65e5e5e234a31,common_voice_en_101044.mp3,A glassblower is crafting a beautiful piece of art in his fire.
1fa90b3f7281c25934c33ac68f96b4a385b2dce726026e11d86461bc8ab23f9d381e98f44068d1c5e81820560a062351680ca448e3088bf8edf64b4dc7554ac0,common_voice_en_147990.mp3,Golf stands for the letter G in the NATO phonetic alphabet.
c3b7cda10838c3b38bc882cdb7aa453859dafa8f952812b21a04e9a052b6667c0b81a3e81c015875c4f85349fc60c34a9da07e4202fe30ccc46fc1bbb8b7b055,common_voice_en_165592.mp3,but nowhere could he find his new companion.
7ef3fd5319ed51f88aaa94bc0be6bf5d7e14f16c967498eae05ff7757ea0d625f523a9fd8feb2079401793b9b2ce24e599d406d4baaec586ad28334dae28fc13,common_voice_en_178053.mp3,It's even higher than this.
90325ddf5a4b03333f9775610475a624515b3182429e5f1093b31593a63e6ed5db09f09a0f3ad4f817633f18bb87491cec74ef6dc687da4b67690aa53789eaf1,common_voice_en_16048613.mp3,This peach tart is tasty.
f6bb98635ad24b48aab3d659180a0ba43bcd82bbf2e2602ae955a3bfa074ec50950d92dd51bef4f50a2980320ca96b2404a10c913ac421b3236254d4ba41f9c3,common_voice_en_111687.mp3,Glaciers are melting because of global warming.
389846151c79334996bb51bca66bac6c3d4a6c3658bc5625b9ee22fa0ddafc9de0c0712b0ebf449743ef41fe62d788faca1ef125c2a9d576f59ad896ecfc24b0,common_voice_en_124899.mp3,Stop treating me like a child.
61c47f717e0e358e2cd4c78361ae93c76ccb31bb7b9b1e0620b8d03255d6a6f97d6cb8d57c7e25edae50e8d47c30fcd3741915fbc178cb714f1fb9ed6868bd27,common_voice_en_110704.mp3,"He wanted to forget about the vision, and return to his meditation."
1bea275320b4d1ea7db95a525aad1d799774ea6d20fe0630718d58521718286d565841eb5a8683b27c62f7dcfce45a847d122009f64ffe0cb815601a2bf9dfdc,common_voice_en_17396422.mp3,What did you think of that trip?
a3f0b7cc2ec267de85215e2a86f86af329e5991f4a146fe21af4a7ae726d3359695cdddad0c6fb079e3d832573d3f8a73d604fd2c2a1d8cdd5f4d6692091bc6c,common_voice_en_17289296.mp3,"The landing was dimly light by a single, bare, low-power light-bulb."
36086bb9b6853eb76523b8d21af6ef56196e3b0bbae45291c5b75a57427b0e42587c3ae73a8a0d7ebddba0f132e0eaeb89537bd0b953fba77f3f3d06041fd6b9,common_voice_en_17866031.mp3,"Come in, come in!"
977940762664ddd73c4f4ba93ee99f864a042537360d29becea4de51c8aa441cda54bf0f7d60986efcee7d18faa22260bc0a4f4add74b11fddeb64cff93b421e,common_voice_en_17258646.mp3,What are you crying about?
024ccd80349caa73a05365a6a7356ead122942747f7ec07c0b49f4a55b8ed688f31030c24c4fae21f9adbb29e35e56383165fe8af3d023068ce5de7be71e41e8,common_voice_en_17276389.mp3,"As the flag unfurled, they all hollered like wild beasts."
5593621ab4d43926c80e8ce8f6cad9be88f72b2016ea779c35bb1112198a206f235cd816b785bc53c985ff412d9801c5fedc59006467a3888e36e725e5187cc2,common_voice_en_17860478.mp3,Greediness burst the bag.
e3e3f38ce698c4748601689c683f2a7676a3b310c1d4388e4402e7fcaa2d532c6ba31c54efeb09aba2d001d08b3853499fcc17717d9e5ba24979ce5ae09b25b1,common_voice_en_17904706.mp3,We now have a new base for shipping.
dcf03e267cd876ce7bf85f330c03862b60780490151c0f1cb8f42fa624e8b1111a1e86da1bca68db3210358c80a017a305469ffe53516777d27324897a586a4e,common_voice_en_176441.mp3,forecast for Conrad
4bfd582428635f47a4c685346bc449f34072f5d6fed42778995e63c6d18b6e2ed6e1133a86d124ef61477a8fb464d005a5f3a867f165251616e747d2177a5f10,common_voice_en_17902430.mp3,A change is as good as a rest.
eaf7d523319d8b57e6137bf27547fbd28bcfa39ec676a79932ea1620285e572227056964ada6670bd231f9049687e329e17779bef9644ac6ffde304a9e758951,common_voice_en_17268300.mp3,Do you see that?
2b80aab94d3796dedbcbb46de39ee234224a7af69ca8e893685d2e0e7fed16a02fd8b2dbf5cdf693dfd81f350f77ed6e4e15a3b17c8ebf91a73d862bac5c98b0,common_voice_en_17257089.mp3,"Holy moly, you were fast on the zip line!"
1d173c64c2ce9aa5521357bfed7a092162ae2de314221054721607d9cc13f6ccc4b1d4180dbdd63c3d3f33e37e9ce6cc0d76186b17c4a9b4da2450189de9b20f,common_voice_en_17914762.mp3,A thick ice crust made it impossible to pull the anchor.
d1ad13dd07d04647ce86a0b7207c52a09583c0cbe4cde3a673aabc9787ae383a104322ab473015681f389487eed8ddbfd30bfc8924bb1cb716544cecea8c35a5,common_voice_en_131260.mp3,Several women in cloaks walk through a tiled building
c67cb780b3f358208343d0ece6cfc216738b6f8acb33b84f45ab2d55e4f5faf56db26630b9c9be2fec95aeac914b8471d721bf527b745b4c473b0c58966fefff,common_voice_en_17257094.mp3,"Before we begin with the actual baptism, let's renew our creed."
2ccc1fab1fbb2ac6e6995ee7476545e366f8c01988c5e2cecdc3868b348d32d1b59b63cf309736fe7ab1b9dc82613e05786bea1db6208ba6307997e617af9dc0,common_voice_en_15324015.mp3,A speedy man can beat this track mark.
2c5cbe2a5ec229b6e6dc57c56e09cedfe2e415063459a6f04090101993eb4f9411e9338456a58f7d7c08b67e8951daae28474faa855d74e575a2f1913591173a,common_voice_en_17288956.mp3,Wasn't there a command line client for ordering pizza somewhere?
cb4d455f6f19110989b51cda7c0af48d9fb6c0d05f6456631a5926787f38ce6784500c95e4b3b6dfa298f7df904fe58f2901d61d3b66925526b54d1238821346,common_voice_en_170777.mp3,You won't be safe until the money's in our hands.
4614cdaf83c87409906abb26c80d9f83ba89fed3271e584ea3cf68f153262ea55cfea03ee2ab66a5e9b29c5fe038f534f2fbc3164ab87797ee9337e426d29b1f,common_voice_en_153928.mp3,His eyes filled with tears as he spoke of the Prophet.
26a79be0c82259f5d4af85c1c4e9153a1be39f335bdbbfbb3a55ff5e7498d39148298aa64eef2e2930f246bcb8c41897aa6251255e9e7d6349b722125db52e62,common_voice_en_175499.mp3,A man with a beard spray painting a mural.
075ccc80d87e2832dc2fab91106c9bc023cae28c8b0410827786972d6190625e95464b5b3d23b97202164e11339990758b0cb5f510d7ab8c5a0e3849e2711ee4,common_voice_en_16188.mp3,"You lived your life in a loving way, and died with dignity."
537ca4535dccd1862b7db4461cd54b6b1bd4794b598ad59465badc5ebf3b0ce93a4be7a214a92e1616956d3139ff7e5db477e5bba0f011d0a3848cbaf9a8ad3f,common_voice_en_154262.mp3,book spot in North Catasauqua South Dakota in sixteen minutes
661dee46571103da83449c09760f7c5f7012979da03e325d1888f86a31b1b43f255f5dbbc3206da2676e06390c2b6449a702fc7cf650139b95a69dee4c1d8280,common_voice_en_173368.mp3,He must be disguised to avoid encounters with thieves.
2a70c217c80647fc3ec550d00fca87ad1eabd84c5eb3669e223bed83ce4f199fe9b4052249ef5762d504ca10d04730515f021d8623dc6a3977a770a897009ac8,common_voice_en_17762228.mp3,To fall into the house with the door to blurt out something to put it bluntly.
3ef4ba8bb4f1beeef578bac139503cdf742a3f64ae283448a6d040c65c50930c982773149408d463e0e1e63bff77196bfd1972d16d31abcb43b2a550b9e7cdad,common_voice_en_17279614.mp3,"As independent studies document, the Neanderthals developed simple tools such as spears."
29e468ea8015e86740297da6ddf1e7b9b7cbb5daa0b67b134f6a3e093c8ab3e6159152837072c90adb6898f5f69bbe369c00bb5ccbca9eedf75b2c6e066621f7,common_voice_en_17277947.mp3,Won't you sit down?
39e16cf7f602bfd46da74c2a1b55d805fbdf9659f694fe4e6d912d9fbdaff590720ab48bf96cdbeaad329084ad85cfc02cfece5889c7df37c7f3f7bb70d53a5d,common_voice_en_17051.mp3,So the boy was disappointed; he decided that he would never again believe in dreams.
28c5f7f22e1b853d552b6bc387cf039d204415330353d831fc1998d83505ea789376109d32ad6cb1849768453da4177d1498cc72ae3a13f060ec31ce50a671eb,common_voice_en_1580525.mp3,What is the matter?
70fa0570ea3a64b5bbf26e5e93afed7fe4f7fb4a40d8fb493cfecaf4c7f66c6a6f5337273bf1558eefed6db593885a16b99746489babb1244917576664f12491,common_voice_en_12699.mp3,I would if I thought I'd hear anything worth listening to.
366ad8f2da892a66d3b25e70fb3f4d0f44f74005feed6531649b7118e0819e784af82690fb6b28608cae466ba760943281446fcd0cc5220d07909b0bcd3ab64c,common_voice_en_17276707.mp3,"Well, I can guess how that turned out."
9cd7c4ebc60b83e02bce7700f0968d2b5513b825d0de9b5c75b98f4ea012bf913345f47f47fc13df2aec0dbe85942d8ae336d81aa2769f619eac12f859196c6e,common_voice_en_121457.mp3,The families will be here soon.
1e40289d3a1e64b9cc2c156aa133fa2c76960e0d1b145143f7f5e217452d64177d009f594660898c83d8a2c7169c60ed3081fc4ffa53673e3c700cd63ae54fa7,common_voice_en_17286444.mp3,If a job is worth doing it is worth doing well.
08df94f75f26b7db3f515e8a1359dc08de8c37ae371b21ca03934bebb6edc43908e915e1164882b9382e7d41f86bf430732bce6f5c00d8cc61c77374195ca7df,common_voice_en_17282375.mp3,"The fool wanders, the wise man travels."
2239868105a5cd0d71f7c8c3ccf605e6960f42d0baebd7510b7127f03f499404cb74934faa6ec53bee74135e7efd676fd76ec296720fd5a697d6fc5475966d6b,common_voice_en_17922905.mp3,I could go on for days about the delicious wines produced in this part of the world.
765983e53af21ffb0b35c0a9f60213d9b6c1279de4789ce9326312f97a6e0671e2ac32b522dfe2e49b34a5e2a02cce0f7b3f6066e8c0d061523e790fba1de470,common_voice_en_17147264.mp3,Many hands make light work.
c72cd58c38b555ecc8fff9c8b67a91d4181d1feb3936b59ad0483dca28afcff316ad918243f947b52753ec7cc56580979ae6f3ea9643d2c3df9a1f3e97d6599a,common_voice_en_17552640.mp3,What do you mean?
05c66b75a1262bb9e43b0356b4c0e7934820a6d1b6e27662d744e19f0d6331a0e8b310bd475bfe4262fc05772eb01a3006dc8b7615c5afc638ec5f509fc1657d,common_voice_en_143584.mp3,Please search The Young Warriors game.
08c99b615f03216b3b89a451dd670ac44163a3c55944df564c2a6253f1c485dfff368ff400d68f7ab39faf2ec770df63a8415ffb372fd534681bd1cec00ef0f6,common_voice_en_17853794.mp3,These chimes have a mellow sound.
2c22eb65128847952e209ced71e5f9ac07beb371ebfc9513829d7e92ad322ce40cf98388f27093d70b470263c4dacb7b5a045da85533a9babe38d6e8c14b4bb7,common_voice_en_17822648.mp3,No one paid any attention to him.
d8e2bb68761ea23cab7e5115cd930785db6d325de6d27b28492b9319b43082bdedcce6ed1a73a556c6f6a43fe48c608b3461bf7aaea0305e6ca2a6b97a2c916b,common_voice_en_17281932.mp3,"The flag is red, blue, and yellow."
29d5ac29220ccb2468d97372a99c9cc12a8d0ecaff50b538772e8a2d26cc928e5f03c9e7804a1576a702133d9db1efc993f75404e56b3ef4b2681bb1d68556ab,common_voice_en_134332.mp3,"Something older than humanity, more ancient than the desert."
672614f166f51de8980c6d674cec87c38d5a1f6de83d69d6ef35afcb662161325e4320dc334dba21f5b82a4a520f6c00c444c4ed00c57e26f585225a40519f86,common_voice_en_17889088.mp3,What did he want?
9378e289c5d4bb7880b03331d7c9165289b11d325fe0f87b6445d412ce1092a433427e4cdd9744c7f4ddd84dd0e8531e5764b201e3b431b775b34f1404b4f066,common_voice_en_110087.mp3,It said that the darkest hour of the night came just before the dawn.
cd532ceb3b80dcaaa0d886e87d161886f079157dffe47e11b6920b10c1bd221c1f5147418e59e2cde3e75f4267691168177e08d8b9c1e8cdedcacc04074d1983,common_voice_en_17293.mp3,A rock climber clings to a steep overhanging rock high above a mesa.
4217b1c065b57959ef4e72fbf29e59a3074554f5131ee75c746732dfe073cb5af1fed0a82721baf81fcb1d92bd58b1bf377f8a98ad7d4073e530028ad527caa7,common_voice_en_17280147.mp3,I tend to just daydream when I'm not doing anything much.
6c0ce24d3500bd71c99bdab24e05a5fac1f4dbd5cfd93ec91ddb11022c856745045a331a9827e3755fc75714119de2f0718cd085a680e40b8132d5ea70681bd8,common_voice_en_17798397.mp3,Good morning.
b0b976874ed7e1b3df42d5bc8ecd65e3181ebce3aa57589809c193b88235be5cbeeafd0cfd24c1e29bfe1338727c90ebfc8092e6758efa68ed6c3c501330a497,common_voice_en_17365155.mp3,Do you know who I am?
7ec69bc8245e4ad00579d9bc0be7b9ecaa7d76a0fdc2df4c1443a7867fcd5772394ae2662de7e120fd7a3cf18bcb52b61a7e2b2b128382623d1eeeb152df2f33,common_voice_en_17252808.mp3,"Oh, is that all?"
ba01d84b6b2e785ec4001eca17fec92b72c2a835601f259e38b58e84098401155a74ef27902f0ca0f00f12b4dadf7413e11968c01bc2633d2b0129503ee3c5d4,common_voice_en_17788840.mp3,She discovered a key hidden under her desk.
b87bbc5cc53698772a845fdb4ca0529b41633aa2a63a864f830d2dd3ac5aba4567f016c04daf4cb613998cd51d7cd2910be2e08e82dc13baa7474e03b8ec9d73,common_voice_en_17284559.mp3,My uncle was fruit farmer.
18791dd500e3f76b12af2dfccb407dc147b42b59df6d2437e3c8c044064f488f6cd1c8ff8700e9ac0ea583e9cf40b620eba7e115f840a5626be447a41b801c24,common_voice_en_167097.mp3,Mister Kristen has something to say to us.
0cd40341c8016f127dad5734eca8eec86665b4c7f0226ddf3059fa400e2e7cfab3b82e029d83978ca1e44d6633d73db25c63a3efa5324f74fba48e94ca09d588,common_voice_en_17289626.mp3,What does he look like?
31acccaf6b46cbe4099f9de80b56eaa311f7b6e5604db0f3aafe7aa931fb1bc5bee1bfde46e9c3dc4fb4f4284af85dfcd27c35d2b5e6192477465be271e375ce,common_voice_en_103454.mp3,You did a swell job!
1c2b6c52bad5570f93824d5c056f86f7769d637e0a431e33887ae3c047fc133754c85733092440cb9caa8e500648d050a8e5a1d0517ce3ecf8e65e5e5e234a31,common_voice_en_101045.mp3,A man looks on while a child plays a game.
6160ec26a4d235c7f78e362397f4bd33b0c5ff6b5c21cc05982088f8e02b607df49e0fd5ae38f1ca0ac8567b9f66a50ccd4058c465339cbd60452d4ca1839586,common_voice_en_17877377.mp3,That is all I have to say.
b666459f2e5588489327af94832a779e531d9a3223cdcfa833defbdbaf9a6400de2731415081a39ab3f9c738bfc2cacb25f12baf4419df78be23a215b9fb068e,common_voice_en_17426846.mp3,"To escape from the smoke, and fall into the fire."
2ca83348150e97ce2cf68f276d6d2dd7c235f9361042592e70d7dbfe102fe2a12576b2c908f97f250396e8cc634fe3c66fbe02396a8275787b15813f7ecdd54a,common_voice_en_17296152.mp3,"Wow, look how deep this canyon is!"
058b6a2cea9cd39533e230d1c9377d5849fb9959cb332cfbb646f7eeab1cbc27b7ab74299de3014fcdf9036d6f1576325d9b6774646675bf709b5790178f97bf,common_voice_en_17857149.mp3,This has become a bit of a cult in Romania.
f6cf5bf58db5fdf8836d6e654f1be8b6ebb182e31f8d7091f1063bd8cc52c0b87cf45a8e0f98e023ae367a80abf8e22a681fe4715e6b8b8f3490b1a541f7b3f5,common_voice_en_107161.mp3,My agreement with you gentlemen stands!
8b94cbaa398cc22e624f10a8246666714bc0e496d5a471290de3d1ca7a8ca31438c14460d35f597413f1e5399a91a4cb84c8a77dec5e4edd2ae4a5976f191e31,common_voice_en_17895366.mp3,Jump the fence and hurry up the bank.
e2c39a83ee1cec54e92f6597b2192a3a88149d3ab91867401fd0c2505368ef0c9ddd570070398015eed2ac1b0cf71c60f5bc27ddc6f91a4bb21511bd4cfe4c65,common_voice_en_17355890.mp3,Do you notice the flickering of the neon lights?
47a6598f15c4f6e4183fd91564d144da208918d8914ed95b4607eb366dbab2001deff581cb36c1fcfffc98a8cb9730b2a7a8d89c77d6e2acd021698dcd47c66a,common_voice_en_168337.mp3,There was no other baggage.
ec2cd8203e261fecb7a08fe7082464c17ab22735e69df9ad9c9a61b4910f62300f6f05ada10bc53e9af2b2156a07b8b2d347b26c949a08daafc162a851dc1e58,common_voice_en_100546.mp3,Sarah told him that she was there to see her brother.
672614f166f51de8980c6d674cec87c38d5a1f6de83d69d6ef35afcb662161325e4320dc334dba21f5b82a4a520f6c00c444c4ed00c57e26f585225a40519f86,common_voice_en_17889089.mp3,"If you see something you like, take it and make it better."
4df6fc76400be4e7c67af72bfbd790d15d2dc570a89883c22572c4581f0bd309787b3e96724bd7f3bf6defea5db7e8e7366862f148a13422dbafa1102e0d5ace,common_voice_en_140930.mp3,My foot must have slipped.
